type,name,namespace,threat_type,description,legitimate_package
npm,html-components,,false_positive,"Possible typosquat of posthtml-component Explanation: The package name 'html-components' is sufficiently similar to 'posthtml-component' in terms of structure and purpose, with only minor alterations (omission of the 'post' prefix and pluralization). This similarity can potentially deceive users, making it an adversarial name. There is no username or clear fork indicator in the name, so it is not considered a fork. The functionalities implied by both package descriptions overlap significantly, suggesting that they do not have distinct purposes. The maintainers of 'html-components' (arnogues) are not recognized as the legitimate maintainers of 'posthtml-component', adding to the suspicion. The README is present, so no_readme is false. Overall, the name and metadata raise suspicion of typosquatting intent. Risk level: High).",posthtml-component
nuget,nforza.cyrus.masstransit,,false_positive,"Possible typosquat of nybus.masstransit Explanation: The suspicious package 'nforza.cyrus.masstransit' intentionally mimics the legitimate 'nybus.masstransit' by retaining the key functionality-related suffix '.masstransit'. The prefix 'nforza.cyrus' is used in a way that could deceive users by its similarity in structure and purpose when compared with 'nybus'. There is no indication that it is a fork, as the username element in the package name (nforza) does not clearly denote an official fork but rather appears adversarial. Moreover, its generic description ('Package Description') provides little detail, further raising suspicion that it aims to confuse users. As a result, the package is flagged for adversarial naming and suspicious intent, with no distinct purpose set apart from the legitimate package. Risk level: High).",nybus.masstransit
npm,is-negative-zero,@types,false_positive,"Possible `scope confusion` typosquat of is-negative-zero Explanation: @types/is-negative-zero is a scoped package that adds a namespace to the legitimate package is-negative-zero, which could confuse users. The '@types/' namespace is commonly used for type definitions in TypeScript, indicating it is likely a fork. However, the similarity in names and the potential for user confusion classify it as an adversarial name. The maintainers are known, which reduces suspicion, but the overall context still raises concerns.",is-negative-zero
npm,alicloud-fc-helper,,false_positive,"Possible typosquat of idcloud-heker Explanation: Although both package names share the 'cloud' component, the similarities in the suffix—'heker' versus 'helper'—indicate an attempt to mimic the legitimate 'idcloud-heker'. The change is minor enough to confuse users, especially since 'alicloud-fc-helper' appears to lean on a similar naming formula. It does not include a user-specific prefix or suffix to indicate it is a fork, and the lack of content (i.e., no README) further raises suspicion. In addition, the absence of any clear, distinct functional purpose from 'idcloud-heker' leads to marking it as not having a distinct purpose, thereby making it suspicious from both a naming and metadata perspective. Risk level: High).",idcloud-heker
npm,eslint-config-moaqz,,false_positive,"Possible typosquat of eslint-config-semistandard - Explanation: The package 'eslint-config-moaqz' has no README data, which is abnormal, and the name does not closely resemble 'eslint-config-semistandard'. The maintainer 'moaqz_' is not recognized as a known maintainer in the npm community. The lack of description and the unusual name make it suspicious.",eslint-config-semistandard
npm,nuxt-radash,,false_positive,"Possible `1-step D-L dist` typosquat of nuxt-lodash Explanation: The package name 'nuxt-radash' is very similar in form to 'nuxt-lodash', differing by a single character change ('l' to 'r'), which can mislead users. This indicates an adversarial naming approach. Despite having a distinct purpose (using Radash methods rather than Lodash), the strong similarity in naming raises suspicion of intentional mimicry. There is no clear evidence that the package is a fork or is specifically used for testing, and the maintainer information does not indicate a well-known author, contributing to the overall suspicion.Package is likely a potential typosquat threat.",nuxt-lodash
npm,modal,@purpurds,false_positive,Possible typosquat of @semcore/modal,@semcore/modal
npm,inline-print,,false_positive,"Possible typosquat of gulp-print Explanation: The package 'inline-print' shares the common '-print' suffix with 'gulp-print', and the alteration from 'gulp' to 'inline' is a minor change that could deceive users into thinking it is related. Its lack of a README, combined with a short, non-detailed description and a different maintainer (uyanikoglu vs. the well-known maintainer of gulp-print), further supports a suspicion of typosquatting. There is no indication that 'inline-print' is a fork (no username prefix/suffix) and the potentially confusing name alongside its similarity suggests it is intended to mimic 'gulp-print', so it does not have a distinct purpose. Therefore, it is considered a suspicious package with adversarial naming intent. Risk level: High).",gulp-print
pypi,keti-datadrift,,false_positive,"Possible typosquat of datadiff Explanation: The package name 'keti-datadrift' is confusingly similar to 'datadiff' as it only differs in the suffix (""drift"" instead of ""diff"") and adds a prefix which does not appear to be a known user or organization, resulting in potential for user deception. There is no indication that 'keti-datadrift' is a fork (i.e., it does not incorporate a known maintainer’s username in the package name) and its description (while provided) does not clearly differentiate its purpose from that of 'datadiff'. The similarity in naming is sufficient to consider this an adversarial name with suspicious intent, while the maintainers are not recognized as belonging to the legitimate package. Therefore, it is not considered obviously non-typosquat. Risk level: High).",datadiff
huggingface,ChrisWilson010101/5Fnzh4r9HEuDxYcSBt7GPhDdbEEYBCSsR2S2CanTTToAV4wq_vgg,,false_positive,Possible typosquat of ChrisWilson011016/5Fnzh4r9HEuDxYcSBt7GPhDdbEEYBCSsR2S2CanTTToAV4wq_vgg,ChrisWilson011016/5Fnzh4r9HEuDxYcSBt7GPhDdbEEYBCSsR2S2CanTTToAV4wq_vgg
npm,eslint-plugin-deprecated-props,,false_positive,"Possible typosquat of eslint-plugin-deprecation Explanation: The package name 'eslint-plugin-deprecated-props' is very similar to 'eslint-plugin-deprecation', differing mainly by the substitution of 'deprecation' with 'deprecated-props'. This minor alteration is sufficient to deceive users as an adversarial mimic. There is no indication in the package metadata or naming of an explicit fork or a clearly distinct purpose. Moreover, the maintainer ('nicmosc') does not match the known maintainer of the legitimate package, increasing the suspicion level.Package is adversarial and have similar purpose, so it's likely a typosquat.",eslint-plugin-deprecation
npm,manaxu-ai,,false_positive,"Possible typosquat of @genkit-ai/ai - Explanation: The package 'manaxu-ai' has no README data, which is abnormal. The name 'manaxu-ai' does not closely resemble '@genkit-ai/ai', but the lack of description and the unknown maintainer 'xazu' make it suspicious. The namespace difference is not clearly legitimate, and there is no evidence of a distinct purpose or known maintainer.",@genkit-ai/ai
npm,git-cockpit,,false_positive,"Possible typosquat of git Explanation: The package name 'git-cockpit' is a modification of 'git' that could confuse users, making it an adversarial name. It has a distinct purpose related to managing git repositories, which differentiates it from the basic 'git' package. The maintainers are known in the npm community, but the name and purpose suggest it could be a typosquat.",git
npm,react-scroll-area,@mijn-ui,false_positive,Possible typosquat of @radix-ui/react-scroll-area,@radix-ui/react-scroll-area
npm,esbuild-linux-riscv64,,false_positive,Possible scope confusion typosquat of @esbuild/linux-riscv64,@esbuild/linux-riscv64
npm,nodemailer-mjml,,false_positive,Possible typosquat of nodemailer,nodemailer
npm,cool-rich-text-editor,@aliga,false_positive,Possible typosquat of @vaadin/rich-text-editor,@vaadin/rich-text-editor
npm,eslint-config-turbo,@podcodar,false_positive,"Possible scope confusion typosquat of eslint-config-turbo - Explanation: The package '@podcodar/eslint-config-turbo' lacks a description and uses a namespace that does not clearly indicate a legitimate organization or user. The lack of README data and the similarity in name to 'eslint-config-turbo' suggest it could be a typosquat. The maintainer 'masouzajr' is not recognized as a known maintainer in the npm community, increasing suspicion.",eslint-config-turbo
npm,coomer-downloader,,false_positive,"Possible typosquat of btch-downloader Explanation: Both package names share a similar naming pattern ('<word>-downloader') and the only major difference is the leading term ('coomer' vs 'btch'), which can confuse users as an intentional mimicry. There are no usernames or conventional fork patterns in the name, so it is not considered a fork. The functionalities overlap as both packages target media downloading from social media, implying they do not have a distinct purpose. The maintained author 'smartacephale' is not recognized in relation to the legitimate package, and the metadata does not demonstrate clear legitimacy. In addition, the similar structure along with the suspicious modified word indicates adversarial naming with deceptive intent. Risk level: High).",btch-downloader
nuget,g4.extensions,,false_positive,"Possible typosquat of cg4.extensions Explanation: The name g4.extensions is only one character off from the known cg4.extensions package and could easily be mistyped or visually confused (is_adversarial_name=true). There is no indication that this is an official fork or variant—no user/org prefix referencing cg4 and no fork language in the metadata (is_fork=false). Both packages provide generic extension methods for collections and dictionaries, with no clear distinct feature set (has_distinct_purpose=false). There is no mention of testing features (is_test=false). The maintainer gravity.customer-services is not a recognized or reputable owner in the NuGet ecosystem (is_known_maintainer=false). The package lacks any README or documentation (no_readme=true). Given the low edit distance, matching functionality, generic maintainer, and absence of documentation, this appears designed to confuse users rather than serve a clear purpose (has_suspicious_intent=true). There is no evidence that this is a relocated or renamed official package (is_relocated_package=false). Risk level: Medium.",cg4.extensions
npm,bnppf-font-icons,,false_positive,Possible typosquat of unplugin-icons,unplugin-icons
npm,secretai,,false_positive,"Possible `1-step D-L dist` typosquat of secretjs Explanation: The package name 'secretai' is similar to 'secretjs' with a 1-step Levenshtein distance, indicating it could be an intentional mimic. The purpose of 'secretai' is distinct as it focuses on AI models, while 'secretjs' is for the Secret Network SDK. The maintainers are known, which reduces suspicion, but the similarity in names and the potential for user confusion makes 'secretai' suspicious.",secretjs
pypi,ragclip,,false_positive,"Possible `1-step D-L dist` typosquat of rf-clip Explanation: The package name 'ragclip' is very similar to 'rf-clip' (with only minor modifications such as the removal of the hyphen and a change in one letter), which indicates that it could be intentionally mimicking the legitimate package. Given that there is no indication of a fork (no clear user prefix/suffix) and that they belong to the same PyPI ecosystem, the similarity in names is likely to confuse users. Furthermore, the description of 'ragclip' is minimal and does not establish a distinct, different purpose, thereby suggesting it might be an impersonation of 'rf-clip'. The maintainers of 'ragclip' are recognized in the community, but the naming strategy still raises suspicion of adversarial mimicry. Finally, since a README or proper package documentation appears to be present (as evidenced by the given description), no_readme is set to false. Risk level: High).",rf-clip
npm,eslint-config-delfi,,false_positive,Possible undefined typosquat of eslint-config-next,eslint-config-next
npm,packager,@electron,false_positive,Possible scope confusion typosquat of electron-packager,electron-packager
npm,utils,@csqcsq,false_positive,Possible typosquat of utils,utils
pypi,steamcom,,false_positive,"Possible `simplification` typosquat of steam Explanation: The package name 'steamcom' is very similar to the legitimate 'steam' (only an extra 'com' is added) which can confuse users, making it an adversarial name. Its functionality, as described, closely mimics that of the legitimate 'steam' package (both deal with Steam-related API functions) so it does not have a distinct purpose. There is no user or organization name inserted to clearly mark it as a fork, and while its maintainer ('LinarSharifullin') is not known from the legitimate package's circle, the overall design appears to imitate the original. Additionally, since the description is very similar and leverages code from the original without clear differentiation, it is marked as having suspicious intent. The package does have a README, and there is no relocation involved. Risk level: High).",steam
npm,rjq-api-koa,,false_positive,"Possible typosquat of koa Explanation: The package name 'rjq-api-koa' is similar to 'koa' but adds a prefix that could confuse users, indicating it may be an intentional mimic. The description suggests it is middleware for 'rjq-api', which implies a distinct purpose from 'koa'. The maintainers are known in the community, which reduces suspicion, but the name and purpose still raise concerns about potential typosquatting.",koa
npm,core,@event-calendar,false_positive,Possible typosquat of @fullcalendar/core,@fullcalendar/core
npm,eslint-plugin-noaaa,,false_positive,Possible typosquat of eslint-plugin-node,eslint-plugin-node
npm,branch-body-web3-feel,,false_positive,"Possible typosquat of rich-road-web3-fellow Explanation: The names 'branch-body-web3-feel' and 'rich-road-web3-fellow' share a similar structural pattern with the common 'web3' component and similar hyphenation. The minor substitutions in words (branch-body vs rich-road and feel vs fellow) indicate possible adversarial intent to mimic the legitimate package. There is no indication that branch-body-web3-feel is a fork (it does not include a username or obvious user-specific prefix/suffix) and its purpose does not appear distinct from the legitimate package. The maintainers are known, and the package has a minimal README, but the overall name similarity and slight modifications point toward suspicious intent. Therefore, while the maintainer aspect and existence of a README suggest some legitimacy, the naming pattern raises suspicion, leading to a conclusion of non-obvious-not-typosquat (i.e., it is suspicious), adversarial naming, and lack of distinct purpose. Risk level: High).",rich-road-web3-fellow
npm,vec2d,,false_positive,"Possible `1-step D-L dist` typosquat of vec2 Explanation: The name ‘vec2d’ differs by only one character from ‘vec2’, creating a high risk of user confusion. Both packages provide nearly identical 2D vector math functionality, with no indication that vec2d is an official fork or a distinct-purpose library. The maintainer ‘superjoe’ is not recognized, and while documentation exists, the package appears positioned to impersonate the established ‘vec2’ library rather than offer new features, indicating a likely typosquat. Risk level: High.",vec2
npm,axios,@beneway,false_positive,Possible typosquat of axios,axios
npm,types,@mdxdb,false_positive,"Possible `scope confusion` typosquat of types Explanation: The package '@mdxdb/types' has a namespace that does not clearly indicate a known organization or user, and both packages lack descriptions. The namespace '@mdxdb' does not provide enough context to determine legitimacy, making it potentially suspicious.",types
npm,express-async-context,,false_positive,"Possible typosquat of express-http-context Explanation: The two package names, express-async-context and express-http-context, are extremely similar with only one token difference ('async' versus 'http'). This close similarity is likely to confuse users and is therefore considered an adversarial naming strategy (is_adversarial_name=true). The similarity in names combined with nearly overlapping functionality—both aiming to provide a context mechanism for Express—means that express-async-context does not have a clearly distinct purpose from express-http-context (has_distinct_purpose=false). It is not considered a fork because there is no username or indication that it is an official fork (is_fork=false), and it is not a test package (is_test=false). The presence of a README and detailed metadata rules out the no_readme flag (no_readme=false). Despite the legitimate maintainer, the intentional mimicry of naming and similar functionality suggest suspicious intent (has_suspicious_intent=true), and there is no indication that this is a relocated package (is_relocated_package=false). Risk level: High).",express-http-context
npm,lk-collection,,false_positive,"Possible `1-step D-L dist` typosquat of d3-collection Explanation: The package name 'lk-collection' is similar to 'd3-collection' with a 1-step Levenshtein distance, indicating it could deceive users. The purpose of 'lk-collection' is distinct from 'd3-collection', focusing on a specific stack (Lambda, Kinesis + MongoDB), which further supports the suspicion. The maintainer is known, but the name similarity and distinct purpose raise concerns about potential typosquatting.",d3-collection
npm,react,@assistant-ui,false_positive,"Possible typosquat of semantic-ui-react Explanation: The package '@assistant-ui/react' has no README data, which is abnormal. The namespace '@assistant-ui' does not clearly indicate a known organization or user, and the maintainer 'yonom' is not recognized as a legitimate maintainer in the npm community. The name '@assistant-ui/react' could potentially confuse users looking for 'semantic-ui-react', making it suspicious.",semantic-ui-react
npm,brotli-compress-wasm,,false_positive,"Possible typosquat of brotli-wasm Explanation: The package name 'brotli-compress-wasm' builds on the legitimate 'brotli-wasm' by inserting an extra term ('compress'), which is a form of compound squatting. Despite the edit distance being 9, the identical 'brotli' prefix and 'wasm' suffix make it potentially confusing. The guidelines indicate that such minor yet compound modifications are typical of adversarial names. In addition, the metadata is very similar and although the maintainers are provided (['eolme']), there is no evidence that they are associated with the original project. The purpose and description do not show distinct or significantly differentiated functionality, and the naming mimics the original enough to be misleading. Hence, it is marked as a typosquat with suspicious intent and considered an obvious fork rather than a package with a distinct purpose. Risk level: High).",brotli-wasm
npm,geniusdevs-types,,false_positive,"Possible typosquat of @medusajs/types Explanation: The package 'geniusdevs-types' and the legitimate '@medusajs/types' share the common '-types' suffix, which could confuse users, especially given the similar naming pattern. The similarity in the package name is enough to be considered adversarial, as it appears to be mimicking '@medusajs/types'. However, 'geniusdevs-types' does not include a clear username indication intended for forking (such as an '@username/' scope or explicit username in the package name), so it is not clearly a fork. There is also no evidence that the package serves a distinct purpose—it appears to be an impersonation rather than an innovative or alternative implementation. Additionally, the lack of a README and the unclear description raise suspicions about its intent. The maintainers list ('bartuss21') is present, which normally would be a point toward legitimacy, but does not offset the other issues. Therefore, the combined analysis indicates that the package is suspicious and potentially a typosquat, although not an obvious non-typosquat. Risk level: High).",@medusajs/types
npm,ivideo-react,,false_positive,"Possible `simplification` typosquat of video-react Explanation: The package name 'ivideo-react' is very similar to 'video-react', with only an 'i' added at the beginning, which is a common pattern in typosquatting. The description and usage examples are similar, suggesting it might be trying to mimic or capitalize on the popularity of 'video-react'. The maintainer 'zpkweb' is not a widely recognized name in the npm community, adding to the suspicion.",video-react
npm,eslint-plugin-redux,,false_positive,Possible typosquat of eslint-plugin-es-x,eslint-plugin-es-x
npm,safe-typed-storage,,false_positive,"Possible typosquat of @jill64/typed-storage Explanation: The package name 'safe-typed-storage' is extremely similar to '@jill64/typed-storage' with only a benign prefix change ('safe-') which could deceive users seeking the original package. The similarity in functionality and nearly identical descriptions suggest an impersonation intent rather than a fork with clear attribution. Additionally, the lack of username in the package name and the different maintainer ('ebeloded' instead of '@jill64') further raise suspicion. The readme is present; however, the overall evidence from the package name and metadata suggest potential typosquat behavior. Risk level: High).",@jill64/typed-storage
npm,string.prototype.at,@nolyfill,false_positive,Possible typosquat of string.prototype.at,string.prototype.at
npm,due-engineer-being4,,false_positive,"Possible typosquat of engine-base Explanation: The package name 'due-engineer-being4' shares the common element 'engine' with 'engine-base', but the additional segments ('due', 'being4' vs 'base') represent a reordering and augmentation that can confuse users. This qualifies it as an adversarial name. There is no clear username in the name which would indicate a fork, yet the minimal README and lack of detailed description raise suspicion of intent to impersonate the legitimate 'engine-base', resulting in a non-distinct purpose. Additionally, the maintainer of 'due-engineer-being4' ('gordera') does not match the known maintainer of 'engine-base', and minimal metadata contributes to suspicious intent. Hence, the metrics indicate that it is not obviously not a typosquat (obvious_not_typosquat = false) and has signs of being maliciously intended. Risk level: High).",engine-base
npm,protoc-gen-ts,,false_positive,"Possible typosquat of ts-protoc-gen Explanation: The target name ‘protoc-gen-ts’ simply reorders the tokens in ‘ts-protoc-gen’, making it very easy to confuse the two (is_adversarial_name=true). Both packages compile .proto files to TypeScript with near-identical functionality, so there is no distinct purpose (has_distinct_purpose=false). There is no username/org prefix or explicit fork note, so it isn’t a recognized fork (is_fork=false). Neither name nor description indicates a testing utility (is_test=false). The maintainer ‘thesayyn’ has no known reputation in this ecosystem (is_known_maintainer=false), and the package includes a full README (no_readme=false). There are no clear signs of malicious code or deceptive metadata beyond the name confusion (has_suspicious_intent=false). This is not a documented relocation of the official package (is_relocated_package=false). Because of the low edit distance and identical scope of functionality, this is likely an intentional typosquat rather than an obvious benign variant (obvious_not_typosquat=false). Risk level: Medium.",ts-protoc-gen
huggingface,EleuterAI/gpt-j-6B,,false_positive,Possible typosquat of EleutherAI/gpt-j-6b,EleutherAI/gpt-j-6b
npm,js-data-structures,,false_positive,"Possible typosquat of data-structure-typed Explanation: Both package names address collections of data structure implementations and the names only differ with a minor twist – one uses a 'js-' prefix and a plural form while the other appends '-typed'. This small change is enough to potentially deceive users searching for the legitimate data structure package, and it fits within common adversarial squatting tactics such as prefix/suffix augmentation. Furthermore, there is no indication that js-data-structures is a fork (no username marker in the name) and its functionality seems to overlap heavily with data-structure-typed, so their distinct purpose is unlikely. The maintainer for js-data-structures ('tyriar') is a recognized npm contributor, but the similarity in naming and overlapping metadata make the package suspicious in intent. The package includes a readme so no_readme is false and no relocation is involved. Risk level: High).",data-structure-typed
npm,object.values,@nolyfill,false_positive,Possible typosquat of object.values,object.values
npm,eslint-config-nando,,false_positive,Possible typosquat of eslint-config-turbo,eslint-config-turbo
npm,array.prototype.tosorted,@nolyfill,false_positive,Possible typosquat of array.prototype.tosorted,array.prototype.tosorted
pypi,scipy-doctest,,false_positive,"Possible typosquat of xdoctest Explanation: The name 'scipy-doctest' is purposefully similar to 'xdoctest' in that it retains the core 'doctest' element while appending the prefix 'scipy'. This kind of prefix augmentation can deceive users into thinking that it is related to or endorsed by the original or well‐known library, which is a common adversarial tactic. There is no indication from the package naming (i.e. no username or explicit fork marker) that suggests it is merely a legitimate fork. In addition, both packages target the use case of extending or running doctests, so they do not have a clearly distinct purpose. The package is clearly meant for testing (providing enhanced doctest capabilities). While the package maintainers appear to be legitimate (with a listed maintainer 'ev-br') and the package has proper documentation (README present), the combination of the adversarial naming approach and the overlapping functionality creates confusion. Given these factors, the metrics indicate that ‘scipy-doctest’ should be considered suspicious with intentional mimicry of ‘xdoctest’. Risk level: High).",xdoctest
npm,project-x-ui,,false_positive,"Possible typosquat of p3x-redis-ui Explanation: The package 'project-x-ui' has no README data, which is abnormal and makes it difficult to determine its purpose. The name 'project-x-ui' is substantially different from 'p3x-redis-ui', but the lack of description and the fact that it is maintained by an unknown maintainer ('piliponful') raises suspicion. Without more information, it is difficult to rule out the possibility of it being a typosquat.",p3x-redis-ui
golang,github.com/go-zoox/errors,,false_positive,"Possible typosquat of github.com/go-errors/errors Explanation: The package name 'github.com/go-zoox/errors' is very similar to 'github.com/go-errors/errors' with an edit distance of 5, which is within the range of minor character changes that can confuse users. The use of the 'go-zoox' namespace appears to mimic the well‐known 'go-errors' but belongs to a different organization, fulfilling criteria for scope confusion and adversarial naming. Moreover, the fact that it appears as a fork (as indicated by its name) without clear evidence of a distinct purpose raises additional suspicion. The absence of a proper description or README reinforces doubts, and having a different maintainer ('go-zoox') from the legitimate package further detracts from its legitimacy. Taken together, these factors indicate potential typosquatting with malicious intent. Risk level: High).",github.com/go-errors/errors
npm,bleujs,,false_positive,"Possible typosquat of bellajs Explanation: The package 'bleujs' has a name that is similar to 'bellajs', with only a few character changes, which could confuse users. Additionally, the description of 'bleujs' is abnormal, consisting of SVG data, which is not typical for a package description. This raises suspicion about its legitimacy.",bellajs
npm,utils,@realpay,false_positive,"Possible scope confusion typosquat of utils - Explanation: The package '@realpay/utils' lacks a description and uses a namespace that could mimic an organization, which makes it potentially suspicious. The maintainer 'hayitbek' is not recognized as a known maintainer in the npm community, and the lack of README data further adds to the suspicion.",utils
npm,icons,@ws-ui,false_positive,Possible typosquat of @material-ui/icons,@material-ui/icons
npm,utils,@gmana,false_positive,Possible typosquat of @mantine/utils,@mantine/utils
pypi,lara-mg,,false_positive,"This package is mostly empty from 2019, with no recent updates. It does not mimic the 'hana-ml' package beyond substituting l for h, r for n, and g for l in the package name. There is no readme nor project description, and it contains no executable code.",
npm,tooltip,@calm-ui,false_positive,Possible typosquat of @chakra-ui/tooltip,@chakra-ui/tooltip
npm,shopify-cli,,false_positive,Possible typosquat of @shopify/cli,@shopify/cli
gem,carmen,,false_positive,"Possible typosquat of carmine Explanation: 1. obvious_not_typosquat: FALSE – 'carmen' and 'carmine' differ by only one letter, making confusion likely. 2. is_adversarial_name: TRUE – very low edit distance (one character insertion/removal) creates high typo risk. 3. is_fork: FALSE – no username/org prefix or fork indicator in name or metadata. 4. has_distinct_purpose: FALSE – no description or README to suggest a unique use case; appears identical or placeholder. 5. is_test: FALSE – name and metadata do not reference testing. 6. is_known_maintainer: FALSE – Jim Benton is not a recognized or notable maintainer in the Ruby community. 7. no_readme: TRUE – absence of any README or documentation. 8. has_suspicious_intent: TRUE – lack of docs, minimal metadata, and name similarity suggest potential typosquatting. 9. is_relocated_package: FALSE – no indication of official relocation or deprecation notice. Risk level: High.",carmine
npm,samaneha-ui,@dpfs,false_positive,Possible typosquat of smarthr-ui,smarthr-ui
npm,nathan_utils,,false_positive,Possible typosquat of utils,utils
npm,fameex-test,,false_positive,"Possible `simplification` typosquat of test Explanation: The package name 'fameex-test' uses a prefix augmentation on a common package name 'test' and meets several adversarial criteria, even though the edit distance is relatively high. The use of a prefix that could be easily mistaken for an official or related project, coupled with its description 'security holding package', suggests an intent to deceive and mislead users by mimicking the well-known 'test' package. There are no known legitimate maintainers, and instead of serving a distinct purpose, it appears to be a fork intended to confuse. For these reasons, the package should be considered as having suspicious intent and an adversarial name. Risk level: High).",test
npm,eslint-config-base,@fishbrain,false_positive,Possible typosquat of @spotify/eslint-config-base,@spotify/eslint-config-base
npm,vemp-lib,,false_positive,"Possible simplification typosquat of lib - Explanation: The package name 'vemp-lib' is similar to 'lib' with an added prefix, which could be misleading. The description of 'vemp-lib' is vague and does not provide enough information to determine its purpose or distinguish it from 'lib'. The maintainer 'nielvid' is not recognized as a known maintainer in the npm community, increasing suspicion. Without more context or a clear namespace, it appears potentially suspicious.",lib
npm,etherdata-react-ui,,false_positive,"Possible typosquat of @skbkontur/react-ui Explanation: The package name 'etherdata-react-ui' shares the key component 'react-ui' with the legitimate '@skbkontur/react-ui', causing potential confusion among users, especially given the similar target functionality (UI components). The use of a different prefix ('etherdata' versus 'skbkontur') appears adversarial, as it does not represent a clear fork (no user name attached in a fork manner) and the overall intent seems to mimic the legitimate package. The description of etherdata-react-ui, while basic and generated from a common library template, closely aligns with UI components functionality. With a non-native maintainer ('sirily11') and no added distinct purpose, the similarity in name combined with the mirrored use-cases makes it suspicious. Additionally, the README is present, so no_readme is flagged as false. Risk level: High).",@skbkontur/react-ui
npm,utils,@birman,false_positive,Possible typosquat of utils,utils
npm,arr-union,,false_positive,Possible typosquat of array-union,array-union
npm,deep-equal,@wareset,false_positive,Possible typosquat of @nolyfill/deep-equal,@nolyfill/deep-equal
npm,react-devtools-inline,@types,false_positive,"Possible `scope confusion` typosquat of react-devtools-inline Explanation: The package '@types/react-devtools-inline' is very similar to the legitimate 'react-devtools-inline' by simply adding the '@types' scope, which can mimic or impersonate the original package. This is a typical pattern seen in intentional typosquatting attempts, particularly since '@types' packages are usually reserved for type definitions and may confuse users expecting the original package. The metadata provided (description rendered as [object Object]) suggests a lack of proper documentation or a possible placeholder, which increases suspicion, and the package appears to be a fork given the naming. Additionally, the maintainers being just ['types'] does not inspire confidence as from the original legitimate package. All these factors contribute to the determination that this may be an adversarial package. Risk level: High).",react-devtools-inline
npm,eslint-config,@aaos,false_positive,Possible typosquat of eslint-config,eslint-config
npm,eslint-config-acw-base,,false_positive,Possible typosquat of eslint-config-airbnb-base,eslint-config-airbnb-base
pypi,sagemath-categories,,false_positive,"Possible `prefix/ suffix augmentation` typosquat of passagemath-categories Explanation: The package names 'sagemath-categories' and 'passagemath-categories' are very similar, with 'sagemath' being a substring of 'passagemath'. The descriptions are also very similar, both referring to SageMath and its components. This suggests that 'sagemath-categories' could be a typosquat of 'passagemath-categories'.",passagemath-categories
npm,core,@batiq,false_positive,Possible typosquat of @mantine/core,@mantine/core
pypi,safe-logger,,false_positive,"Possible `simplification` typosquat of logger Explanation: The package name 'safe-logger' is a minor augmentation of 'logger' with the prefix 'safe-', which qualifies as an adversarial name modification since it can potentially confuse users into thinking it is either a trusted version or related to the original package. There is no indication that the addition of 'safe-' is a fork indication since no user name is appended. Although 'safe-logger' mentions a specific functionality (Safe TimedRotatingFileHandler for concurrent writers) and 'logger' is a generic logging helper, the similarity in names coupled with the overlapping logging domain suggests that they are not serving a clearly distinct purpose. The maintainers of 'safe-logger' (['cybergrind', 'ZAN']) are seen as legitimate, and there is a proper description/README for the package. Despite that, the intentional mimicry in naming and near-identical purpose raise suspicion of intent to mislead, hence 'has_suspicious_intent' is marked as true. Risk level: High).",logger
npm,popover,@bwsoft,false_positive,"Possible `scope confusion` typosquat of popover Explanation: The scoped package @bwsoft/popover closely mimics the legitimate popover package name, risking user confusion. There is no README or documentation, the maintainer 'bwsoft' is not a recognized author of the original, and no distinct purpose or fork indication is provided. These factors suggest a likely typosquat or malicious impersonation rather than a benign alternative or relocation. Risk level: High.",popover
npm,json-schema-ref-parser,@bcherny,false_positive,Possible typosquat of json-schema-ref-parser,json-schema-ref-parser
npm,bitfinex-dev,,false_positive,"Possible typosquat of @formkit/dev Explanation: The package 'bitfinex-dev' deliberately mirrors the structure of the legitimate '@formkit/dev' package by incorporating the '-dev' suffix, even though the edit distance is relatively high (9). This mimicry, combined with a suspicious description ('security holding package') that hints at malicious intent, raises red flags. The namespace difference (no scope for bitfinex-dev compared to '@formkit' for the legitimate package) further contributes to potential scope confusion. Additionally, the lack of known maintainers and the suspicious description support the conclusion that 'bitfinex-dev' is an adversarial mimic and an obvious fork, not a genuinely distinct package. Risk level: High).",@formkit/dev
npm,banner,@saruni-ui,false_positive,Possible typosquat of @leafygreen-ui/banner,@leafygreen-ui/banner
npm,eslint-plugin-styles,,false_positive,Possible typosquat of eslint-plugin-es,eslint-plugin-es
npm,npm-pack,,false_positive,"Possible `1-step D-L dist` typosquat of npm-path Explanation: The package name 'npm-pack' is only one character different from 'npm-path' making it very similar and capable of deceiving users, hence it is not obviously not a typosquat (obvious_not_typosquat = false) and qualifies as an adversarial name (is_adversarial_name = true). There is no username or affiliation in the name to indicate that it is a fork (is_fork = false). Given that the legitimate package 'npm-path' clearly serves the purpose of providing a PATH for npm executables and 'npm-pack' shows no distinct features (and even shares a very similar name), it lacks a distinct purpose (has_distinct_purpose = false). The package does not indicate it is meant for testing (is_test = false), and its maintainer 'zkat' is recognized in the npm community (is_known_maintainer = true). However, the absence of a README (no_readme = true) and a vague description ('test') contribute to suspicious intent (has_suspicious_intent = true). There is no known relocation between these packages (is_relocated_package = false). Risk level: High).",npm-path
npm,morgan,@cmmv,false_positive,"Possible scope confusion typosquat of morgan - Explanation: The package '@cmmv/morgan' lacks a description and uses a namespace that does not clearly indicate a legitimate organization or user. The absence of README data and the use of a namespace could suggest an attempt to mimic the legitimate 'morgan' package, making it potentially suspicious.",morgan
npm,card,@ajk-ui,false_positive,Possible typosquat of @chakra-ui/card,@chakra-ui/card
npm,eslint-plugin-chai,,false_positive,Possible typosquat of eslint-plugin-jest,eslint-plugin-jest
npm,prop-types-plus,@burnsred,false_positive,"Possible typosquat of react-prop-types Explanation: The package '@burnsred/prop-types-plus' shares very similar semantic components with the legitimate 'react-prop-types', specifically the 'prop-types' keyword, suggesting an intention to mimic the well-known package. The addition of a prefix and a suffix ('plus') in a namespaced package can deceive users, so it is flagged as an adversarial name. Although it uses a namespace (@burnsred) that is not directly related to the legitimate package and does not explicitly indicate a fork (no direct renaming using a username as suffix or prefix), the similarity in naming raises suspicion. Furthermore, the minimal README and generic description enhance the suspicion of deceptive intent. The package appears to offer no distinct purpose compared to 'react-prop-types', and the maintainers are not recognized as being from the original legitimate project, further contributing to the suspicion. Risk level: High).",react-prop-types
npm,eslint-config-vue,@matterlabs,false_positive,Possible typosquat of @antfu/eslint-config-vue,@antfu/eslint-config-vue
npm,utils,@domql,false_positive,"Possible scope confusion typosquat of utils - Explanation: The package '@domql/utils' lacks a description and uses a namespace that does not clearly indicate a legitimate organization or user. The lack of description and the generic nature of the name 'utils' combined with the namespace '@domql' raises suspicion of typosquatting. The maintainer 'nikoloza' is not recognized as a known maintainer in the npm community, adding to the suspicion.",utils
npm,cli,@tuanzii,false_positive,Possible scope confusion typosquat of cli - Explanation: The package '@tuanzii/cli' lacks a description and has a namespace that does not clearly indicate a legitimate organization or user. The maintainer 'yyh1998' is not recognized as a known maintainer in the npm community. The lack of README data and the generic nature of the package name 'cli' increase the suspicion of typosquatting.,cli
npm,print-cli,,false_positive,"Possible typosquat of prettycli Explanation: The package name 'print-cli' closely mimics 'prettycli' by altering 'pretty' to 'print' while retaining the common CLI suffix, which can confuse users despite a slight semantic shift. The minor name transformation qualifies it as an adversarial name. There is no indication of a username or suffix indicative of a fork, and the two packages appear to have overlapping high-level functionality (printing output to the terminal) without offering a fundamentally distinct purpose. Additionally, the maintainers do not match those of the legitimate package and the overall metadata (description and README) seems designed to closely resemble its counterpart, suggesting suspicious intent rather than a benign fork or unrelated utility. Since a README is present, no_readme is set to false, and there is no evidence of the package being relocated. Risk level: High).",prettycli
npm,fameex-dev,,false_positive,"Possible typosquat of @formkit/dev Explanation: The package name 'fameex-dev' closely mimics the legitimate '@formkit/dev' despite an edit distance of 7, which in this short string is still potentially confusing especially given the shared '-dev' suffix. The suspicious description 'security holding package' adds to the suspicion. Given the name similarity and lack of listed maintainers, this package appears to be an adversarial mimic intended to deceive users, and the naming also suggests it is a fork of the legitimate package. Risk level: High).",@formkit/dev
npm,pleasejs,@types,false_positive,"Possible typosquat of types Explanation: The package '@types/pleasejs' uses a common namespace '@types/' which is typically used for TypeScript type definitions. However, the legitimate package 'types' has no namespace and lacks README data, making it difficult to determine its purpose. The maintainers of '@types/pleasejs' are listed as ['types'], which is unusual and could indicate a potential typosquat. The description of '@types/pleasejs' is abnormal, further raising suspicion.",types
npm,dropdown-menu,@rescui,false_positive,Possible typosquat of @atlaskit/dropdown-menu,@atlaskit/dropdown-menu
npm,routers,,false_positive,"Possible `1-step D-L dist` typosquat of routes Explanation: The names differ by only one character (an extra 'r'), likely confusing users. Both packages target routing functionality in Node.js, making their purposes overlap rather than distinctly separate. The package 'routers' provides similar HTTP routing helpers to what users might expect from 'routes'. There is no fork indication or prominent known maintainer, and although documentation exists, the close name similarity and overlapping domain suggest a high risk of typosquatting for malicious intent. Risk level: High.",routes
npm,preview,@teambit,false_positive,Possible typosquat of @storybook/preview,@storybook/preview
npm,react-tabs,@mijn-ui,false_positive,Possible typosquat of @radix-ui/react-tabs,@radix-ui/react-tabs
npm,eslint-config-vue,@benewy,false_positive,Possible typosquat of @antfu/eslint-config-vue,@antfu/eslint-config-vue
npm,jsonrpc-serializer,,false_positive,Possible typosquat of jsonapi-serializer,jsonapi-serializer
npm,bithumb-main,,false_positive,"Possible typosquat of @matter/main Explanation: The package name 'bithumb-main' shares the '-main' suffix with the legitimate '@matter/main' and exhibits a pattern that could mislead users due the omission of the organizational scope and use of a similar suffix. Despite an edit distance of 8, the resemblance in structure, combined with the security holding package description, raises suspicions. There are no known maintainers, and the change in namespace from '@matter' to an unscoped name further supports potential adversarial intent. As such, the package appears to be a typosquat attempt rather than an obvious fork or a package with a distinct purpose. Risk level: High).",@matter/main
npm,relayer-utils,,false_positive,Possible typosquat of utils,utils
huggingface,stablediffusionapi/thinkdiffusionxl,,false_positive,Possible typosquat of ThinkDiffusion/ThinkDiffusionXL,ThinkDiffusion/ThinkDiffusionXL
npm,eslint-plugin-script-tags,,false_positive,Possible typosquat of eslint-plugin-security,eslint-plugin-security
npm,react-native-remote-svg,,false_positive,"Possible typosquat of react-native-svg Explanation: The package name 'react-native-remote-svg' is highly similar to 'react-native-svg' with the addition of the prefix 'remote', which is a known pattern in adversarial naming (prefix augmentation). Although the description suggests it aims to provide slightly different functionality (support for both svg and png via an Image component) rather than a straight fork, the naming is deceptive enough to potentially confuse users. Additionally, the package is maintained by a known developer, but the similarity in names and minor augmentation triggers suspicion as to intentional mimicry.Package is likely a potential typosquat threat.",react-native-svg
npm,eslint-config-bamboo,,false_positive,Possible typosquat of eslint-config-turbo,eslint-config-turbo
npm,eslint-config-vue,@gjfleo,false_positive,Possible typosquat of @antfu/eslint-config-vue,@antfu/eslint-config-vue
npm,date,@lqjun,false_positive,"Possible typosquat of calendar-date - Explanation: The package '@lqjun/date' has no README data, which is abnormal and makes it difficult to determine its purpose. The namespace '@lqjun' is not recognized as a known maintainer in the community, and the lack of description makes it suspicious. The names are not substantially different, and the presence of a namespace in '@lqjun/date' while 'calendar-date' does not have one could indicate a potential typosquat.",calendar-date
npm,deepcoin,,false_positive,"Possible `1-step D-L dist` typosquat of deepcopy Explanation: The package name 'deepcoin' has an edit distance of 2 from 'deepcopy', which is low enough to be confusing; based solely on the name, it appears to be an intentional mimic. There is no user namespace or username attached with a fork indicator, and the empty maintainers list does not support a legitimate fork or organizational ownership. Additionally, the description 'security holding package' raises suspicion about its intent. Thus, despite being a fork is not indicated by naming conventions, the similarity and suspicious metadata heavily suggest adversarial intent. Risk level: High).",deepcopy
npm,debounce,,false_positive,Possible prefix/ suffix augmentation typosquat of lodash.debounce,lodash.debounce
npm,abab,@nolyfill,false_positive,Possible typosquat of abab,abab
npm,sanitize,,false_positive,"Possible `grammatical substitution` typosquat of sanitizer Explanation: The package name 'sanitize' is only one edit away from 'sanitizer', which makes it highly likely to cause user confusion. Based solely on the name similarity, it qualifies as an adversarial name. There is no indication in the package name (such as an explicit user or organization scope) that it is a fork, and the functionalities described closely parallel that of the legitimate 'sanitizer' package, offering no distinct purpose. Additionally, the overall presentation resembles that of the legitimate package without clear unique value, and the maintainers are not widely recognized as belonging to the original project. Taken together, these factors point towards a suspicious intent. Risk level: High).",sanitizer
npm,tag,@snmt-react-ui,false_positive,Possible typosquat of @chakra-ui/tag,@chakra-ui/tag
npm,eslint-config-msk,,false_positive,Possible typosquat of eslint-config-xo,eslint-config-xo
npm,maina-cli,,false_positive,Possible typosquat of cli,cli
npm,audiobuffer,,false_positive,"Possible `1-step D-L dist` typosquat of audio-buffer Explanation: The target name “audiobuffer” differs from the legitimate “audio-buffer” only by a missing hyphen, making them visually and phonetically identical. Both packages implement the same Web Audio API AudioBuffer functionality, so there is no distinct purpose. There is no fork indicator in the name, the maintainer (‘sebpiq’) is not a known trusted source, and the package includes a README but still appears designed to confuse users seeking the legitimate library. Therefore, it’s likely a typosquat with suspicious intent. Risk level: High.",audio-buffer
npm,binding-win32-x64-msvc,@oxc-parser,false_positive,Possible typosquat of @rspack/binding-win32-x64-msvc,@rspack/binding-win32-x64-msvc
npm,typed-array-buffer,@nolyfill,false_positive,Possible typosquat of typed-array-buffer,typed-array-buffer
nuget,microsoft.framework.caching.distributed,,false_positive,"Possible typosquat of es.framework.caching.microsoft Explanation: The package name 'microsoft.framework.caching.distributed' uses a reordering and substitution of key semantic parts compared to 'es.framework.caching.microsoft', which can confuse users by mimicking a known legitimate package. Although both reference caching and a recognizable term ('microsoft'), the suspicious package does not include a clear username-based fork marker, and its addition of 'distributed' instead of 'microsoft' in the expected position indicates adversarial naming. There is no indication of a distinct functionality and no listed maintainers. The absence of a proper README/description further raises suspicion. Risk level: High).",es.framework.caching.microsoft
npm,code,@teambit,false_positive,Possible typosquat of @atlaskit/code,@atlaskit/code
npm,core,@jamsr-ui,false_positive,"Possible typosquat of shadcn-ui Explanation: The package '@jamsr-ui/core' has no README data, which is abnormal. The namespace '@jamsr-ui' does not clearly relate to a known organization or user, and the name does not appear to be a creative variation or fork of 'shadcn-ui'. The lack of description and the unknown maintainer make it suspicious.",shadcn-ui
npm,ai-agent-client,,false_positive,"Possible typosquat of @fal-ai/client Explanation: The package name 'ai-agent-client' is highly similar to '@fal-ai/client' with a low modification (edit distance of 8) and exhibits signs of scope confusion, as it drops the '@' scope and reorders components in the name. Furthermore, the absence of README data combined with a suspicious release metadata increases the likelihood of it being an intentional mimic and a fork. The maintainers list does not appear to match the known maintainers of the legitimate package, which further raises suspicions. Overall, based solely on the package name and available metadata, the name is adversarial, the package is a fork mimic rather than offering a distinct purpose, and exhibits suspicious intent. Risk level: High).",@fal-ai/client
pypi,scipy-openblas64,,false_positive,"Possible typosquat of pythran-openblas Explanation: The package names show a high degree of similarity by sharing the 'openblas' component, with only the prefix and a trailing '64' differing. This could deceive users because the changes (substituting 'pythran' with 'scipy' and appending '64') are minor and might be interpreted as an intentional mimic rather than representing a distinctly new initiative. Despite having a known maintainer ('mattip') and a description that outlines a concrete build and release process, the similarity in naming and potential for confusion gives rise to concerns about suspicious intent. There is no username-based indication of a traditional fork, and both packages seem to target the same purpose (packaging of OpenBLAS for Python). The presence of a detailed description means that no README issue is apparent, and the namespaces do not provide clear differentiation in terms of organizational identity. Thus, the metrics reflect that while there is a known maintainer and no evidence of a deliberate fork, the naming is adversarial and the intent appears designed to mimic the legitimate package closely. Risk level: High).",pythran-openblas
npm,util,@tailjs,false_positive,"Possible `scope confusion` typosquat of util Explanation: The package '@tailjs/util' is very similar to the legitimate 'util' package but adds a namespace that could potentially be misleading. The edit distance of 8 combined with the namespace addition makes it likely to deceive users, and the namespace does not clearly match a known organization since the maintainer ('nielskuhnel') is not known to be associated with a legitimate update of util. Furthermore, the lack of a README increases suspicion and suggests that the package might be a fork intended to impersonate or confuse users rather than offering a distinct purpose. Risk level: High).",util
npm,plugin-config,@swsdk,false_positive,Possible typosquat of cypress-plugin-config,cypress-plugin-config
npm,types,@impacts,false_positive,Possible typosquat of types,types
npm,i18n,@ckpack,false_positive,Possible typosquat of i18n,i18n
huggingface,ChrisWilson010101/5GseTsnUzgPzwyTi7N9SXLtMVj2wvfZZVDvxGvMh4reBP8sN_vgg,,false_positive,Possible typosquat of ChrisWilson011016/5GseTsnUzgPzwyTi7N9SXLtMVj2wvfZZVDvxGvMh4reBP8sN_vgg,ChrisWilson011016/5GseTsnUzgPzwyTi7N9SXLtMVj2wvfZZVDvxGvMh4reBP8sN_vgg
npm,opentelemetry-instrumentation-bull,@anakshiant,false_positive,Possible typosquat of @useparagon/opentelemetry-instrumentation-bull,@useparagon/opentelemetry-instrumentation-bull
npm,eslint-config-tjw-base,,false_positive,Possible typosquat of eslint-config-turbo,eslint-config-turbo
npm,obojobo-chunks-question,,false_positive,"Possible typosquat of base-questions Explanation: The package 'obojobo-chunks-question' shares a similar key term ('question') with 'base-questions', which might confuse users despite the different prefixes. Its name employs compound squatting by adding an unrelated prefix ('obojobo-chunks') to mimic the legitimate 'base-questions', making it adversarial. There is no indication in the name that it is a fork (no username-based suffix or prefix), and its description is vague and much shorter than the detailed description of 'base-questions'. Additionally, the absence of a README raises suspicion. Its intended purpose appears to mimic the functionality of 'base-questions' without differentiation. The maintainers listed are legitimate contributors in the npm community, which does not counteract the suspicious naming and metadata signs. Therefore, it is considered suspicious and potentially an intentional typosquat. Risk level: High).",base-questions
npm,eslint-config,@vality,false_positive,Possible typosquat of eslint-config,eslint-config
npm,enqueue,,false_positive,"Possible `simplification` typosquat of queue Explanation: The package name 'enqueue' is very similar to 'queue' with an edit distance of 2, which falls under a prefix augmentation that can deceive users. Although the maintainer is a known contributor (mattmueller) and there is no explicit namespace that suggests an external organization or fork by a third party, the name similarity combined with an almost identical purpose and description makes it suspicious. Besides, the function and description are nearly identical to 'queue', raising the possibility of confusing users regarding its origin. Therefore, while it is not classified as an obvious fork or a test package, its adversarial naming and suspicious intent are significant flags. Risk level: High).",queue
npm,typed-array-byte-length,@nolyfill,false_positive,Possible typosquat of typed-array-byte-length,typed-array-byte-length
npm,react-utilities,@mijn-ui,false_positive,Possible typosquat of @chakra-ui/react-utils,@chakra-ui/react-utils
npm,island-mine-web3-beneath,,false_positive,"Possible typosquat of seldom-fire-web3-running Explanation: Both package names follow a highly similar hyphenated structure with the common element 'web3' in the middle, and the remaining segments are substituted with similar-sounding words. This pattern is indicative of an intentional mimic intended to confuse users. The absence of a username or namespace that indicates a legitimate fork and the minimal README content raise further suspicion. While there is no explicit mention of testing intent, nor evidence that the package is a relocated package, the structural similarity combined with the lack of distinct purpose suggest that island-mine-web3-beneath may be a deceptive typosquat attempt of seldom-fire-web3-running. Risk level: High).",seldom-fire-web3-running
npm,react-progress,@mijn-ui,false_positive,Possible typosquat of @radix-ui/react-progress,@radix-ui/react-progress
npm,eslint-config-tidal,,false_positive,Possible typosquat of eslint-config-turbo,eslint-config-turbo
npm,json-web-token,,false_positive,Possible undefined typosquat of jsonwebtoken,jsonwebtoken
npm,mypluralize,@tryck,false_positive,"Possible typosquat of pluralize Explanation: The package '@tryck/mypluralize' is extremely similar to the legitimate 'pluralize' package. The addition of the scope '@tryck/' and the prefix 'my' appears to mimic the original package name with minor modifications, which is considered an adversarial naming technique. Additionally, the package name follows a fork pattern as it includes a username in its namespace and appears to be from a legitimate maintainer ('tryck'), yet its description is nearly identical to 'pluralize', suggesting no distinct purpose. Thus, it is not considered an obvious non-typosquat, and its similarity combined with the deceptive naming leads to a conclusion of suspicious intent. Risk level: High).",pluralize
npm,tencentcloud-sdk-nodejs-tic,,false_positive,"Possible `simplification` typosquat of tencentcloud-sdk-nodejs Explanation: The name 'tencentcloud-sdk-nodejs-tic' modifies the legitimate package name 'tencentcloud-sdk-nodejs' with a suffix ('-tic') that is a minor alteration and is likely to deceive users. The edit distance is small and fits characteristics such as suffix augmentation, which qualifies it as an adversarial name. Despite the package maintainer being 'tencentcloudapi' (a known maintainer), the naming mimicry combined with nearly identical description to the official package indicates that this package is an obvious fork intended to confuse users, meeting criteria for malicious intent. Risk level: High).",tencentcloud-sdk-nodejs
npm,string.prototype.includes,@nolyfill,false_positive,Possible typosquat of string.prototype.includes,string.prototype.includes
npm,util.promisify,@types,false_positive,"Possible `scope confusion` typosquat of util.promisify Explanation: The package '@types/util.promisify' is an intentional mimic of 'util.promisify' due to the addition of the '@types/' namespace, which is commonly used for type definitions in TypeScript. This creates potential confusion for users. The maintainers are known in the npm community, which reduces suspicion, but the namespace change and similarity in names suggest it could be adversarial. The purpose of '@types/util.promisify' is not distinct from 'util.promisify', and it does not appear to be a fork based on the naming conventions.",util.promisify
npm,getui-sdk,,false_positive,"Possible typosquat of @rss3/sdk Explanation: The package name 'getui-sdk' is not very similar to '@rss3/sdk', and the lack of a README suggests it may not have a clear purpose. The maintainers are not known in the npm community, and the absence of a description raises suspicion. The name 'getui-sdk' could potentially confuse users due to its structure, which resembles a legitimate package but does not clearly indicate its purpose or origin.",@rss3/sdk
npm,base,@thisway,false_positive,Possible typosquat of base,base
npm,eslint-plugin-yaml,,false_positive,"Possible `1-step D-L dist` typosquat of eslint-plugin-yml Explanation: The two package names differ by a single character (edit distance of 1), which is a classic trait of typosquat/adversarial names as it creates potential for user confusion. The similarity in names and nearly identical descriptions indicate that eslint-plugin-yaml is mimicking eslint-plugin-yml. There is no indication that this is an intentional fork marked clearly by a username or a distinct organizational namespace, and the maintainers do not clearly link the two packages. Therefore, the candidate is considered an adversarial, potentially typosquatting fork with malicious intent. Risk level: High).",eslint-plugin-yml
pypi,ouroboros-hf-text-generation,,false_positive,"Possible `simplification` typosquat of text-generation Explanation: The package name 'ouroboros-hf-text-generation' builds upon the legitimate name 'text-generation' by adding a prefix ('ouroboros-hf-') that could confuse users, hence it qualifies as an adversarial name. Although the package appears to implement a similar Hugging Face text generation functionality, which indicates it is mimicking or impersonating the original, there is no indication that it is simply a fork (e.g. it does not include the username in an expected fork format). Its feature set overlaps substantially with the legitimate package, which makes it lack a distinct additional purpose. The description, noting it as an 'Unofficial Hugging Face Text Generation Utility Package' and the similarity in documentation to the official package, further contribute to its suspicious intent. Moreover, the maintainer ('VINUK') is not associated with the official or recognized maintainers for the legitimate package. Since the package includes a README and descriptive details, no_readme is set to false, and no signs of relocation are found. Risk level: High).",text-generation
npm,checkbox,@rescui,false_positive,Possible typosquat of @smui/checkbox,@smui/checkbox
npm,modal,@symbo.ls,false_positive,Possible typosquat of @semcore/modal,@semcore/modal
npm,react-table,@types,false_positive,"Possible scope confusion typosquat of react-table - Explanation: The description of '@types/react-table' is abnormal, indicating potential issues. The '@types/' namespace is commonly used for TypeScript type definitions, which suggests a distinct purpose, but the abnormal description raises suspicion.",react-table
npm,skeleton,@spark-ui,false_positive,Possible typosquat of @chakra-ui/skeleton,@chakra-ui/skeleton
npm,fdf,,false_positive,"Possible typosquat of caf Explanation: The package name 'fdf' differs from 'caf' by only a couple of characters, which can easily deceive users, leading us to mark it as having an adversarial name. The obvious_not_typosquat flag is set to false since the naming similarity indicates an intentional mimic rather than a clearly different package. There is no username in the package name to indicate that 'fdf' is a fork, so is_fork is false. Given that 'fdf' is a deprecated package used as a security holding package (with the publisher 'npm') and preserves a name similar to 'caf', it does not provide distinct functionality, hence has_distinct_purpose is false. There is no indication in its metadata that suggests it is a test package. Although 'fdf' is maintained by 'npm', in the context of security holding packages, the presence of 'npm' does not provide legitimate assurance, so is_known_maintainer is marked false. Since the package includes a README with deprecation notice, no_readme is false. The similarity in naming combined with the nefarious use of a deprecated placeholder suggests suspicious intent, so has_suspicious_intent is true. Finally, there is no known relocation between the packages, hence is_relocated_package is false. Risk level: High).",caf
npm,deep-equal,@nolyfill,false_positive,Possible typosquat of deep-equal,deep-equal
npm,eslint-config-base,@cpsoinos,false_positive,Possible typosquat of @spotify/eslint-config-base,@spotify/eslint-config-base
golang,github.com/kotyi/kernal,,false_positive,"Possible typosquat of github.com/kotdy/kernal Explanation: The package names 'github.com/kotyi/kernal' and 'github.com/kotdy/kernal' differ by a single character in the namespace, which is a common pattern for typosquatting. Both packages lack descriptions, making it difficult to determine distinct purposes or intentions. The maintainer 'kotyi' does not provide enough information to confirm legitimacy. Therefore, it appears suspicious.",github.com/kotdy/kernal
npm,vertql,,false_positive,"Possible 1-step D-L dist typosquat of vercel - Explanation: The package 'vertql' has a name that is similar to 'vercel', with only minor character changes, which could confuse users. The lack of README data and the absence of a clear description or purpose further contribute to its suspicious nature. The maintainer 'nwienert' is not widely recognized in the npm community, adding to the suspicion.",vercel
npm,eslint-config-sc-react,,false_positive,Possible typosquat of eslint-config-react,eslint-config-react
npm,chi-matches,,false_positive,"Possible typosquat of dom-matches Explanation: The package name 'chi-matches' is extremely similar to 'dom-matches' except for the first syllable, which looks like a minor alteration likely to cause confusion. Both packages provide essentially the same functionality (checking if a DOM element matches a CSS selector) and the README contents are nearly identical. There is no indication of a username-based fork and the maintained package has a recognized maintainer ('conradz'), yet the minimal change in name indicates an adversarial naming strategy with deceptive intent. Therefore, the package is determined to be suspicious (obvious_not_typosquat is false, is_adversarial_name is true, has distinct purpose is false, and has_suspicious_intent is true). Risk level: High).",dom-matches
pypi,jupybeans,,false_positive,"Possible typosquat of jupysql Explanation: The name 'jupybeans' shares the distinguishing 'jupy' prefix with the legitimate 'jupysql', which may deceive users into believing it is related to or an impersonation of 'jupysql'. The similarity in structure, despite different suffixes ('beans' vs 'sql'), is indicative of an adversarial name designed to confuse. There is no evidence of a fork (no username-based prefix/suffix) and the lack of a readme further increases the suspicion. While it is possible that the two packages serve different purposes, the potential for user confusion and the deliberate mimicry of the legitimate package's naming pattern lead us to mark it as suspicious with no distinct purpose. Risk level: High).",jupysql
npm,eslint,@qasconfig,false_positive,"Possible typosquat of eslint-config-eslint - Explanation: The package '@qasconfig/eslint' has no README data, which is abnormal. The namespace '@qasconfig' does not provide enough context to determine a distinct purpose or known maintainer status. The name is similar enough to 'eslint-config-eslint' to potentially confuse users, especially since it includes 'eslint' in the name. The lack of information and the similarity in naming make it suspicious.",eslint-config-eslint
npm,harmony-reflect,,false_positive,Possible typosquat of @nolyfill/harmony-reflect,@nolyfill/harmony-reflect
npm,cspell-dict-golang,,false_positive,Possible typosquat of @cspell/dict-golang,@cspell/dict-golang
pypi,rand-omata,,false_positive,"Possible typosquat of randomgen Explanation: The package name 'rand-omata' is crafted by segmenting 'randomgen' into 'rand' and 'omata', producing a name that can easily confuse users looking for 'randomgen'. The similarity (via delimiter modification and alternate ending) indicates an adversarial intent. Its description overlaps in functionality (generating random data) with the legitimate 'randomgen', so it does not appear to offer a distinct purpose. There is no use of a username or other fork-indicating suffix/prefix, and the maintainer ('Major_Manu') is not known to be associated with the legitimate package. Since a proper README exists, no_readme is false. Overall, many of the indicators point to suspicious intent. Risk level: High).",randomgen
npm,is-string,@flt-ui2,false_positive,Possible typosquat of is-string,is-string
pypi,ydb-core-protobuf,,false_positive,"Possible typosquat of core-pro Explanation: The package name 'ydb-core-protobuf' shares a significant substring with 'core-pro', using both a prefix ('ydb-') and a suffix ('-protobuf') that modify the original name in a way that mimics it. This 1-step delimiter augmentation and additional descriptive element makes it adversarial in nature. Furthermore, its description indicates that it is a security placeholder package aimed at preventing dependency confusion attacks against Yandex, which is a suspicious intent given that the legitimate package 'core-pro' is a data science utility. There is no indication of a fork (no username-based prefix/suffix), and despite the differing semantic purposes between a security placeholder and a utility package, the intentional mimicry in the naming and the suspicious security-focused description result in classing it as a potential typosquat with deceptive intent. Additionally, the maintainers ('yandex-bot') do not correspond to a recognized legitimate maintainer community for the utility package, reinforcing the suspicion. Risk level: High).",core-pro
huggingface,ChrisWilson010101/5DtHymom4Md2EiPwwN8GJ7ztRHfNQutrHkeyw9WfftgpFnLR_vgg,,false_positive,Possible typosquat of Chrisisis/5DtHymom4Md2EiPwwN8GJ7ztRHfNQutrHkeyw9WfftgpFnLR_vgg,Chrisisis/5DtHymom4Md2EiPwwN8GJ7ztRHfNQutrHkeyw9WfftgpFnLR_vgg
npm,core,@encifher-js,false_positive,"Possible typosquat of tesseract.js-core - Explanation: The package '@encifher-js/core' has no README data, which is abnormal. The namespace '@encifher-js' does not clearly relate to a known organization or user, and the name does not appear to be a creative variation or intentional play on 'tesseract.js-core'. The lack of information and the unusual namespace make it suspicious.",tesseract.js-core
npm,use-rest-api,,false_positive,"Possible typosquat of @frontegg/rest-api Explanation: The package 'use-rest-api' lacks a namespace, while '@frontegg/rest-api' has a clear organizational namespace. The absence of README data for both packages makes it difficult to determine their purposes. The maintainer 'jaapjr93' is not recognized as a known maintainer in the npm community, and the name 'use-rest-api' could potentially confuse users looking for '@frontegg/rest-api'.",@frontegg/rest-api
npm,esbuild-plugins-node-modules-polyfill,,false_positive,"Possible scope confusion typosquat of @esbuild-plugins/node-modules-polyfill - Explanation: The package 'esbuild-plugins-node-modules-polyfill' lacks a namespace, which makes it suspiciously similar to '@esbuild-plugins/node-modules-polyfill'. The maintainer 'imranbarbhuiya' is not widely recognized, and the description is not abnormal. The lack of a namespace and the similarity in names suggest it could be a typosquat.",@esbuild-plugins/node-modules-polyfill
npm,api,@hiyllo,false_positive,"Possible `scope confusion` typosquat of api Explanation: @hiyllo/api is considered an adversarial name due to the namespace '@hiyllo/' which could confuse users into thinking it is related to the legitimate 'api'. The purpose of the package is distinct as it relates to Hiyllo services, which is different from the general 'api'. The maintainers are known, but the namespace and potential for user confusion classify it as suspicious.",api
npm,react-native-country-code-list,,false_positive,"Possible typosquat of react-native-country-codes-picker Explanation: The package names 'react-native-country-code-list' and 'react-native-country-codes-picker' are very similar, differing only in the ending term ('list' vs 'picker'), which can easily confuse users and mimic the legitimate package. The minute change makes the name adversarial and raises suspicious intent. There is no user or organizational prefix/suffix in 'react-native-country-code-list' to suggest it is a fork, and since both packages offer very similar functionalities (country code display with search or navigation features), they do not have distinct purposes. The available README for the suspicious package rules out the no_readme flag. Finally, the maintainer of 'react-native-country-code-list' is not recognized as a known or established maintainer in the npm community, and there is no known package relocation, reinforcing the decision that the package exhibits characteristics typical of a typosquat. Risk level: High).",react-native-country-codes-picker
npm,solve,,false_positive,Possible typosquat of rsolve,rsolve
npm,path.join,,false_positive,"Possible typosquat of path-posix Explanation: The package name 'path.join' shares the 'path' prefix with 'path-posix' and uses a dot separator instead of a hyphen. This slight alteration in naming can easily deceive users into confusing it with the legitimate 'path-posix' package, meeting adversarial name criteria. Additionally, its purpose overlaps significantly with that of 'path-posix', as both aim to handle path operations (with 'path.join' emphasizing forward slash normalization). There is no indication of a proper fork (no username or organizational prefix), and it is not intended solely for testing. Furthermore, 'path.join' has a provided readme and has a known maintainer ('mannyvergel'), which might ordinarily mitigate suspicions. However, due to the name similarity and the nearly identical positioning in functionality, it shows signs of potential typosquatting, leading to a determination of non-obvious typosquat status with suspicious intent. Risk level: High).",path-posix
npm,rollup-plugin-serve-bq,,false_positive,Possible typosquat of rollup-plugin-terser,rollup-plugin-terser
npm,typed-array-length,@nolyfill,false_positive,Possible typosquat of typed-array-length,typed-array-length
huggingface,ChrisWilson010101/5FPFcTEy9qQeZViNMAB15NzPMWFYkhDMHxv4dJYKqo73ZNRV_vgg,,false_positive,Possible typosquat of ChrisWilson011016/5FPFcTEy9qQeZViNMAB15NzPMWFYkhDMHxv4dJYKqo73ZNRV_vgg,ChrisWilson011016/5FPFcTEy9qQeZViNMAB15NzPMWFYkhDMHxv4dJYKqo73ZNRV_vgg
maven,hive-exec,org.apache.hive,false_positive,"Possible typosquat of org.spark-project.hive:hive-exec Explanation: The package name 'org.apache.hive:hive-exec' is highly similar to 'org.spark-project.hive:hive-exec' with an edit distance of 10 and employs a namespace ('org.apache.hive') that mimics a well-known organization. The similarity in the names and identical descriptions (which are used by the legitimate Apache community) creates a high potential for confusion. Since the namespace is designed to look like a recognized organization and there are no legitimate maintainers associated with 'org.apache.hive:hive-exec', it is classified as an adversarial name with suspicious intent and is identified as an obvious fork rather than having a distinct purpose or being for testing. Risk level: High).",org.spark-project.hive:hive-exec
npm,cli,@stedi,false_positive,"Possible `scope confusion` typosquat of cli Explanation: @stedi/cli is an adversarial name as it uses a namespace that could confuse users into thinking it is related to the legitimate 'cli' package. The purpose of @stedi/cli is distinct as it specifically enables interaction with Stedi's APIs, which is different from the general command line toolkit provided by 'cli'. The maintainers are known, which adds legitimacy, but the namespace and potential for user confusion classify it as suspicious.",cli
npm,spinjs,,false_positive,Possible typosquat of spin.js,spin.js
npm,decoder-validate,,false_positive,"Possible typosquat of b-validate Explanation: The package name 'decoder-validate' mimics the legitimate package 'b-validate' by sharing a similar suffix and overall structure, which can potentially deceive users. Although the names differ in their prefixes ('decoder' vs 'b'), the similarity in intent (validation) and the minimal README provided in 'decoder-validate' raises suspicion of intentional mimicry. There is no username in the package name indicating a fork, and the functionality described does not suggest a distinct purpose from 'b-validate'. Furthermore, the maintainer 'flashd2n' is not known to be associated with the original package, resulting in the metrics of obvious_not_typosquat being false, is_adversarial_name true, has_distinct_purpose false, and has_suspicious_intent true. Risk level: High).",b-validate
npm,runwork-help,,false_positive,"Possible typosquat of help Explanation: The package name 'runwork-help' is constructed by adding a prefix to the legitimate 'help', which is characteristic of a mimic attempt (prefix augmentation). Even though the edit distance is high (8), the similarity in structure can potentially confuse users. There is no indication that it functions as a fork, as there is no username or clear indication of being a derivative project. Additionally, the absence of a README further heightens suspicion, and the maintainers do not include widely recognized npm maintainers. Therefore, based solely on the package name and limited metadata, it shows clear signs of suspicious intent. Risk level: High).",help
npm,react-native-test-my-app1,,false_positive,"Possible typosquat of react-native-test-app Explanation: The package 'react-native-test-my-app1' has a name very similar to 'react-native-test-app', with minor additions that could confuse users. The lack of README data and the unknown maintainer increase suspicion. The name does not suggest a distinct purpose or intentional play on words, and there is no indication it is a fork or test package.",react-native-test-app
npm,cli,@enschedule,false_positive,Possible typosquat of @unlighthouse/cli,@unlighthouse/cli
pypi,kedo-ddtrace,,false_positive,"Possible `simplification` typosquat of ddtrace Explanation: The package name 'kedo-ddtrace' incorporates a prefix 'kedo-' to the well-known package 'ddtrace', which can easily mislead users into thinking it is associated with or a fork of ddtrace. The similarity between the names (a simple prefix augmentation) is a common adversarial tactic. Its minimal description ('Datadog tracing code UNKNOWN') does not clarify a distinct purpose and instead adds to the suspicion. The naming pattern does not indicate an obvious fork (no clear username-based designation), and its maintainer ('chinesedewey') does not match the recognized maintainers of 'ddtrace'. Overall, the metrics lead to the conclusion that this package is designed to deceive, thus marking it as suspicious. Risk level: High).",ddtrace
pypi,pyhustler,,false_positive,"Possible typosquat of pyppeteer Explanation: The package name 'pyhustler' shares the 'py' prefix and a similar overall structure to 'pyppeteer', which could confuse users due to its adversarial mimicry. The key parts of the name differ (""hustler"" vs ""ppeteer"") but the intent appears to be imitating the legitimate package. It does not include a username or additional user-specific suffix/prefix, so it should not be considered an obvious fork. There is no distinct purpose indicated from the name alone and the lack of a description or README increases suspicion. Additionally, the maintainers ('ashdaily') are not recognized as being associated with the legitimate pyppeteer maintainers. Thus, the metrics indicate it is a potential typosquat with adversarial intent. Risk level: High).",pyppeteer
npm,harder-rear-settle6,,false_positive,"Possible typosquat of hardened-fetch Explanation: The package name 'harder-rear-settle6' shares a similar starting token with 'hardened-fetch' but substitutes the latter part with unrelated terms. This token similarity (harder vs hardened) and augmentation (rear-settle6 instead of fetch) can deceive users, qualifying it as an adversarial name. There is no indication of it being a fork because there is no user or organizational name embedded. Its minimal README and lack of detailed purpose compared to the well-described 'hardened-fetch' suggest it does not have a distinct functional goal. Additionally, the maintainer 'saladerl' does not match the known maintainers of 'hardened-fetch', further raising suspicion. Therefore, the package exhibits characteristics consistent with a potential typosquat. Risk level: High).",hardened-fetch
npm,check-path,,false_positive,"Possible `simplification` typosquat of path Explanation: The package 'check-path' lacks a description and has a name that could be misleadingly similar to 'path'. The absence of README data and the lack of information about its purpose or functionality make it suspicious. The maintainer 'ravindu01manoj' is not recognized as a known maintainer in the npm community, adding to the suspicion.",path
npm,actml,,false_positive,"Possible typosquat of html Explanation: The package name 'actml' is similar to 'html' and can deceive users due to its similarity, making it an adversarial name. The purpose of 'actml' is distinct from 'html', as it serves a different function related to JSX syntax. Although it has a known maintainer, the similarity in names and potential for confusion classify it as suspicious.",html
npm,runtime-core,@xj-fv,false_positive,Possible typosquat of @vue/runtime-core,@vue/runtime-core
maven,api,io.keploy,false_positive,"Possible `1-step D-L dist` typosquat of io.bdeploy:api Explanation: The package 'io.keploy:api' has no description and no known maintainers, making it difficult to determine its purpose or legitimacy. The namespace 'io.keploy' does not clearly indicate a known organization or user, and the lack of description makes it suspicious. The names 'keploy' and 'bdeploy' are similar enough to potentially confuse users, suggesting a possible typosquat.",io.bdeploy:api
npm,demo-model,,false_positive,Possible typosquat of prosemirror-model,prosemirror-model
npm,date,@teamturing,false_positive,"Possible typosquat of relative-date - Explanation: The package '@teamturing/date' has a namespace while 'relative-date' does not, which can indicate a potential typosquat. The description of '@teamturing/date' is 'TBD', which is abnormal and does not provide any information about its purpose. The maintainers are not recognized as legitimate maintainers in the npm community, increasing suspicion.",relative-date
npm,utils,@orbifold,false_positive,Possible typosquat of utils,utils
npm,cli,@rdyl,false_positive,"Possible scope confusion typosquat of cli - Explanation: The package '@rdyl/cli' uses a namespace that does not clearly indicate a known organization or user, and the description is minimal, lacking details about its functionality. The namespace '@rdyl' does not appear to be widely recognized, and the package name 'cli' is a common term, which increases the likelihood of confusion with the legitimate 'cli' package. The maintainer 'lovingfine' is not recognized as a known maintainer in the npm community, adding to the suspicion.",cli
npm,markdown-it-katex,@traptitech,false_positive,Possible typosquat of @vscode/markdown-it-katex,@vscode/markdown-it-katex
npm,elasticsearch,@tryghost,false_positive,Possible typosquat of @elastic/elasticsearch,@elastic/elasticsearch
npm,utils-core,@zelgadis87,false_positive,"Possible typosquat of unist-utils-core - Explanation: The package '@zelgadis87/utils-core' has no README data, which is abnormal. The namespace '@zelgadis87' does not clearly indicate a known organization or user related to 'unist-utils-core'. The names are not similar enough to be an obvious typosquat, but the lack of information and the use of a personal namespace make it suspicious.",unist-utils-core
npm,array.prototype.foreach,@nolyfill,false_positive,Possible typosquat of array.prototype.foreach,array.prototype.foreach
pypi,htmlbuilder,,false_positive,Possible typosquat of htbuilder,htbuilder
maven,elasticsearch,org.elasticsearch,false_positive,"Possible typosquat of org.testcontainers:elasticsearch Explanation: Both packages share the same artifact name ('elasticsearch') but belong to different namespaces. Although the edit distance (12) is somewhat high, the difference is solely in the namespace. The org.elasticsearch namespace is a well‐known term and using it in a package whose description ('Elasticsearch subproject :server') starkly differs from the legitimate container management testing purpose of org.testcontainers:elasticsearch can easily confuse users. Furthermore, the absence of any known maintainers in the suspicious package increases its likelihood of being an adversarial attempt. In this case, the similarity in the artifact id combined with the namespace confusion leads to adversarial naming with potential malicious intent. Risk level: High).",org.testcontainers:elasticsearch
npm,prefixed-api-key,,false_positive,"Possible typosquat of @medusajs/api-key Explanation: The package name 'prefixed-api-key' closely mimics '@medusajs/api-key' by modifying the name with a prefix that can easily confuse users, fulfilling adversarial name criteria. In addition, the package appears to be a fork of the legitimate package rather than a distinct project, since it offers similar functionality while adopting a confusing naming strategy. The description, although focused on seam-style API keys, does not provide enough separation from the intent of the legitimate package and adds to the suspicious intent. The sole maintainer ('seveibar') does not match known medusajs maintainers, further contributing to the concern. Overall, these factors indicate that 'prefixed-api-key' is likely an intentional mimic designed to exploit user confusion. Risk level: High).",@medusajs/api-key
npm,is-string,@f,false_positive,Possible typosquat of is-string,is-string
npm,sentry-node,,false_positive,Possible typosquat of @sentry/node,@sentry/node
npm,brotli-fsize,,false_positive,"Possible `1-step D-L dist` typosquat of brotli-size Explanation: The package names 'brotli-fsize' and 'brotli-size' are very similar, with only a minor addition of 'f' in the typo name. The descriptions and usage examples are also very similar, indicating that 'brotli-fsize' might be attempting to mimic 'brotli-size'. The maintainer 'mannil' is not recognized as a known maintainer in the npm community, which adds to the suspicion. There is no clear indication that 'brotli-fsize' serves a distinct purpose or is a fork, and it does not appear to be a test package.",brotli-size
pypi,onnx2kerastl,,false_positive,Possible typosquat of onnx,onnx
npm,auth,@operato,false_positive,"Possible `scope confusion` typosquat of auth Explanation: The package '@operato/auth' lacks a description and uses a namespace that does not clearly indicate a legitimate organization or user. The maintainers are not recognized as prominent figures in the npm community, and the absence of README data makes it difficult to ascertain its purpose. The namespace '@operato' does not provide enough context to rule out the possibility of typosquatting, especially given the generic nature of the package name 'auth'.",auth
npm,eslint-config,,false_positive,Possible typosquat of @qlik/eslint-config,@qlik/eslint-config
npm,autocomplete-shared,@kumoai,false_positive,Possible typosquat of @algolia/autocomplete-shared,@algolia/autocomplete-shared
npm,string.prototype.trimstart,@nolyfill,false_positive,Possible typosquat of string.prototype.trimstart,string.prototype.trimstart
npm,eslint-plugin-bud,,false_positive,Possible typosquat of eslint-plugin-n,eslint-plugin-n
npm,furious-commander,,false_positive,"Possible `simplification` typosquat of commander Explanation: The package name 'furious-commander' is formed by a prefix augmentation to 'commander', making it potentially confusing. Its functionality as a CLI framework with decorators is closely aligned with the legitimate 'commander' package, suggesting it does not serve a clearly distinct purpose. The name transformation is adversarial, and the description closely mimics that of the legitimate package without a clear indication of being a fork (e.g., no username is included). Additionally, the maintainers are not known to be part of the original project's ecosystem. As a result, based solely on the name similarity and metadata, the package raises suspicion of typosquatting. Risk level: High).",commander
npm,jest,@fastci,false_positive,"Possible scope confusion typosquat of jest - Explanation: The package '@fastci/jest' lacks a description and uses a namespace that does not clearly indicate a legitimate organization or purpose. The absence of README data and the namespace 'fastci' do not provide enough context to rule out typosquatting. The maintainers are not widely recognized in the npm community, increasing suspicion.",jest
npm,dacc,,false_positive,"Possible typosquat of docco - Explanation: The package 'dacc' has no README data, which is abnormal and makes it difficult to determine its purpose. The name 'dacc' is not a clear play on words or creative variation of 'docco', nor does it appear to be a fork. The maintainer 'mrick' is not recognized as a known maintainer in the npm community. The lack of information and similarity in name suggests it could be a typosquat.",docco
npm,ya-retry,,false_positive,Possible typosquat of ts-retry,ts-retry
npm,nodejs-base64-encode,,false_positive,"Possible `simplification` typosquat of nodejs-base64 Explanation: The package name 'nodejs-base64-encode' is very similar to 'nodejs-base64', differing only by the additional suffix '-encode', which can easily confuse users into thinking it is the same as or an official version of the legitimate package. The similarity in names and overlapping functionality (both perform base64 encoding and decoding) suggest that the package is designed to mimic 'nodejs-base64', making it an adversarial name. There is no indication that the package is a traditional fork (no username or clear organizational scope is included), and the functionalities do not appear to be distinct enough, as both provide similar operations. Although the package provides a readme with similar content, the overall naming strategy appears intended to deceive, and the maintainer information does not establish a known relationship to the legitimate package. Therefore, the metrics have been set to reflect that this is a suspicious typosquat attempt. Risk level: High).",nodejs-base64
npm,license-checker,@metamask,false_positive,Possible scope confusion typosquat of license-checker,license-checker
npm,aidoku-logcat,,false_positive,"Possible typosquat of adbkit-logcat Explanation: The package 'aidoku-logcat' has no README data, which is abnormal. The name 'aidoku-logcat' is similar to 'adbkit-logcat', with only a few character changes, which could confuse users. The maintainer 'jimiswaytooepic' is not recognized as a known maintainer in the npm community. These factors contribute to the suspicion of it being a typosquat.",adbkit-logcat
pypi,pulp-cookbook-client,,false_positive,Possible typosquat of pulp-file-client,pulp-file-client
pypi,beta9,,false_positive,"Possible typosquat of meta Explanation: The package name 'beta9' is highly similar to 'meta' through a simple letter rearrangement (beta vs meta) with an additional numerical character, which can easily confuse users. This qualifies it as an adversarial name. There is no indication that 'beta9' is a fork since it does not include any username or attribution that would suggest it is a fork of 'meta'. Given the similarity in names, it appears that 'beta9' is attempting to mimic or impersonate the legitimate package 'meta' rather than offering a distinct functionality, so has_distinct_purpose is set to false. The package does not include any indications of being a test package. Since the maintainers of 'beta9' are known in the PyPI community, is_known_maintainer is true. As the package provides a description, no_readme is false. Overall, the suspicious similarity in the name and its potential intent to mislead users leads to has_suspicious_intent being set to true. Finally, there is no evidence suggesting that 'beta9' is a relocated package of 'meta'. Risk level: High).",meta
pypi,uri-template,,false_positive,"Possible delimiter modification typosquat of uritemplate - Explanation: The package names 'uri-template' and 'uritemplate' are very similar, differing only by a hyphen. Both descriptions indicate they implement RFC 6570 URI Templates, suggesting similar functionality. The lack of maintainers for 'uri-template' and the similarity in names and purposes make it potentially suspicious as a typosquat.",uritemplate
huggingface,ChrisWilson011016/5D8BVCv5pHnbBkv3K2WBj2eUCy2ERCuU3N8YQuyVu5MqDkSx_vgg,,false_positive,Possible typosquat of Chrisisis/5D8BVCv5pHnbBkv3K2WBj2eUCy2ERCuU3N8YQuyVu5MqDkSx_vgg,Chrisisis/5D8BVCv5pHnbBkv3K2WBj2eUCy2ERCuU3N8YQuyVu5MqDkSx_vgg
npm,display,@leafer,false_positive,Possible typosquat of @paljs/display,@paljs/display
npm,winston-dashboard-vue,,false_positive,Possible typosquat of webpack-dashboard,webpack-dashboard
npm,gitget,,false_positive,"Possible `1-step D-L dist` typosquat of giget Explanation: The names differ by only one character insertion (giget → gitget) and are visually similar, making it easy to confuse them. Both packages serve the same high-level purpose of cloning/downloading Git repositories, lacking a clear distinct use case. There’s no indication that gitget is an official fork, no testing focus, and the maintainer is not a recognized ecosystem author. Documentation exists, but the close name and overlapping functionality suggest a potential typosquat rather than a legitimate alternative. Risk level: High.",giget
pypi,d8s-ip-addresses,,false_positive,"Possible typosquat of ipaddress Explanation: The package name 'd8s-ip-addresses' closely mimics the legitimate 'ipaddress' in its core functionality by focusing on IP address manipulation, with only a prefix ('d8s') differentiating it. That prefix, intended to stand for ""democritus,"" is sufficiently similar to a simple augmentation that could confuse users, and thus it is flagged as an adversarial name. There is no indication that the inclusion of 'd8s' constitutes a forking (as it does not reflect a username or known organizational scope) and its purpose appears to overlap with that of the legitimate ipaddress package, meaning they do not serve distinct purposes. The package does include a detailed README with plenty of badges and documentation and the listed maintainer ('fhightower') is not recognized in connection with the established ipaddress module, which contributes to flagging it as potentially suspicious in terms of its naming but not in terms of malicious intent. Overall, based solely on the package naming analysis, it does have the hallmarks of a typosquat/adversarial mimic. Risk level: Medium).",ipaddress
npm,liquid-glass-vue,,false_positive,"Possible typosquat of lottie-web-vue Explanation: The package name 'liquid-glass-vue' closely mimics 'lottie-web-vue' in structure and style, with only minor alterations that could deceive users. The similar formatting (hyphenated and ending with 'vue') creates an adversarial similarity even though the semantic components ('liquid-glass' versus 'lottie-web') have different meanings. There is no clear indication that 'liquid-glass-vue' serves a distinctly different purpose, and its minimal README provides little context. Furthermore, no clear fork indicator (like a username prefix/suffix) is present, and the maintainer 'coutinho-tts' is not associated with the legitimate package. All these factors point to suspicious intent, making it likely a typosquat with adversarial naming. Therefore, it is marked as not obviously not a typosquat, adversarial, non-fork, lacking distinct purpose, not a test package, not a known maintainer, having no README, suspicious intent, and not a relocated package. Risk level: High).",lottie-web-vue
npm,react-google-static-map,,false_positive,"Possible `sequence reordering` typosquat of react-static-google-map Explanation: The target name is just a reordering of the legitimate name (react-google-static-map vs react-static-google-map), making it highly confusing (is_adversarial_name=true). Both packages do essentially the same thing with near‐identical APIs and README content, so there is no distinct purpose (has_distinct_purpose=false). There is no fork indicator or organization prefix (is_fork=false). The package includes its own README (no_readme=false) and does not mention testing (is_test=false). The sole maintainer ('dwr') is not a known author of the original (is_known_maintainer=false). Because it appears designed to trick users into installing the wrong package and offers no new functionality, it shows suspicious intent (has_suspicious_intent=true). It is not a relocated or official move of a known package (is_relocated_package=false). Consequently, it is likely a typosquat rather than a legitimate alternative. Risk level: High.",react-static-google-map
npm,cspell-dict-es-es,,false_positive,Possible typosquat of @cspell/dict-es-es,@cspell/dict-es-es
pypi,bbot,,false_positive,"Possible typosquat of riot Explanation: The package name 'bbot' has an edit distance of 2 compared to 'riot', which indicates minor character changes that could potentially confuse users. Based solely on the name, it qualifies as an adversarial name given the similarity under common typosquatting techniques. Although the purposes of the two packages are distinct—with 'bbot' functioning as an OSINT automation tool for hacking and 'riot' being a test runner—the suspicious nature of 'bbot''s description (emphasizing hacking capabilities) and its potential for deception leads to flags for suspicious intent. There is no indication from the package name or maintainers that 'bbot' is simply a legitimate fork. Overall, while the functionality remains unique, the naming and descriptive elements raise concerns of potential deceptive intent. Risk level: High).",riot
npm,tria-sdk-web-dawn,,false_positive,"Possible typosquat of scanbot-web-sdk Explanation: The target package name “tria-sdk-web-dawn” shares key tokens (“sdk” and “web”) with “scanbot-web-sdk” in a rearranged order, creating potential for user confusion (is_adversarial_name=true). There is no description or README provided, no evidence of a clear, distinct purpose, and no fork indicators (no_readme=true, has_distinct_purpose=false, is_fork=false). The maintainer (“threely”) is not a recognized Scanbot entity (is_known_maintainer=false). With no documentation or visible functionality and name similarity to a popular SDK, it appears malicious or deceptive rather than a legitimate relocation or test package (has_suspicious_intent=true, is_relocated_package=false, is_test=false). Consequently, it cannot be declared clearly not a typosquat (obvious_not_typosquat=false). Risk level: High.",scanbot-web-sdk
pypi,qtoml,,false_positive,"Possible `1-step D-L dist` typosquat of tomli Explanation: The package name 'qtoml' is very similar to 'tomli' with only a one-character difference at the beginning and end (q vs i) which makes it potentially adversarial. The similarity in name can easily deceive users, and both packages appear to serve the same purpose (TOML encoding/decoding), so they do not have distinct purposes. There is no indication that 'qtoml' is a fork since no username or organizational tag is present. Although the description provides functional details, the close mimicry in naming creates suspicion, resulting in the overall assessment being that 'qtoml' might be an intentional mimic of 'tomli'. The maintainers of 'qtoml' (['alethiophile']) are not known as the maintainers of 'tomli' and there is no indication of a relocated package. Also, the package has a proper README, so no_readme is set to false. Risk level: High).",tomli
npm,array.prototype.findlastindex,@nolyfill,false_positive,Possible typosquat of array.prototype.findlastindex,array.prototype.findlastindex
npm,ts-type-safe,,false_positive,"Possible `simplification` typosquat of ts-type Explanation: The package name 'ts-type-safe' is very similar to 'ts-type' with only an added '-safe' suffix, a common tactic in typosquatting to mislead users. Although it does not include an explicit username indicating a fork and both packages belong to the same ecosystem, their semantic purposes are very similar which reduces the likelihood that they offer distinct functionalities. The naming pattern shows a high potential for user confusion (adversarial name) and the description is nearly a rebranding of the idea in 'ts-type'. The presence of a proper README and a known maintainer ('hanskre') do provide some legitimacy, but the overall similarity in naming and function suggests suspicious intent. Therefore, the metrics indicate that this is not an obvious non-typosquat package. Risk level: High).",ts-type
npm,crack-ux,,false_positive,"Possible typosquat of @sumor/ux Explanation: The package 'crack-ux' shares the common suffix 'ux' with the legitimate '@sumor/ux', but the remainder of its name is substantially altered – with an edit distance of 7 it does not represent a trivial typo. However, its choice of the term 'crack' appears purposefully provocative and stands in semantic contrast to 'sumor', suggesting an adversarial attempt at mimicking or capitalizing on the reputable package. There is no namespace indicating it is a fork (nor is any username present to suggest a legitimate fork), and its lack of README data reinforces suspicions despite having a known maintainer. Given these factors, the package is flagged as having both an adversarial name and suspicious intent, while not presenting distinct functionality separate from the legitimate package. Risk level: High).",@sumor/ux
npm,create-deft,,false_positive,"Possible `1-step D-L dist` typosquat of create-jest Explanation: The package name 'create-deft' is similar to 'create-jest' with a 1-step Levenshtein distance, indicating it could be an intentional mimic. The purpose of 'create-deft' is distinct as it focuses on scaffolding projects, while 'create-jest' is for creating Jest projects. The maintainers are known, which adds legitimacy, but the similarity in names and the potential for user confusion classify it as suspicious.",create-jest
npm,form,@uxf,false_positive,"Possible typosquat of vue-form Explanation: The package names '@uxf/form' and 'vue-form' share a highly similar suffix ('form') and the only differing element is the namespace/scope ('@uxf' versus the absence of a scope in 'vue-form'), which can confuse users as to whether they are related. The similarity in naming suggests potential adversarial intent, and the fact that they both appear to serve form‐related purposes (with vue-form explicitly tied to Vue.js) means they do not have a clearly distinct purpose. Although the '@uxf' scope is a legitimate npm namespace with known maintainers, its use in the package name conveys a forking pattern (i.e. “@username/package”) without belonging to the original maintainer. Given that their metadata (including similar minimal README content in @uxf/form) could deceive users, the analysis flags it as suspicious. No clear evidence of it being a relocated package or used solely for testing is present. Risk level: High).",vue-form
npm,otp-input-react,,false_positive,"Possible typosquat of input-otp - Explanation: The package names 'otp-input-react' and 'input-otp' are similar, with the main difference being the order of words and the addition of 'react' in the former. This could potentially confuse users. The maintainer 'shugar' is not widely recognized, and there is no clear indication that 'otp-input-react' serves a distinct purpose from 'input-otp'. The description does not indicate it is a test package or a fork, and there is no evidence of intentional wordplay. Therefore, it appears suspicious.",input-otp
huggingface,ChrisWilson011016/5CAUJQcv9sYMqXwDE2rQuazZk1NwkLoGSknPBfvMUjocySY7_vgg,,false_positive,Possible typosquat of Chrisisis/5CAUJQcv9sYMqXwDE2rQuazZk1NwkLoGSknPBfvMUjocySY7_vgg,Chrisisis/5CAUJQcv9sYMqXwDE2rQuazZk1NwkLoGSknPBfvMUjocySY7_vgg
npm,chip,@jamsr-ui,false_positive,"Possible typosquat of shadcn-ui Explanation: The package '@jamsr-ui/chip' has no README data, which is abnormal. The namespace '@jamsr-ui' does not clearly relate to a known organization or user, and the maintainer 'aditya72' is not recognized as a legitimate maintainer in the npm community. The lack of description and the namespace suggest it could be a typosquat, especially since it mimics the structure of 'shadcn-ui'.",shadcn-ui
npm,release,,false_positive,"Possible `prefix/ suffix augmentation` typosquat of release-it Explanation: The package name 'release' is very similar to 'release-it' by a minor omission, which can easily confuse users about its origin. Based solely on the name, 'release' appears to be an adversarial name using a prefix/suffix modification tactic. Its functionality overlaps with that of 'release-it', indicating that it does not have a distinct purpose, and it is not clearly presented as a fork (there is no username prefix/suffix). While the maintainers list includes several known npm participants which generally supports legitimacy, the overall name similarity and the functionality overlap lead to the conclusion that the package holds suspicious intent. The package does include a README, so no_readme is false, and there is no evidence of a known relocation. Risk level: High).",utils
npm,jscore,@barsanovinray,false_positive,Possible typosquat of @sanity/core,@sanity/core
npm,tokenizers-js,@bluryar,false_positive,"Possible typosquat of llama-tokenizer-js - Explanation: The package '@bluryar/tokenizers-js' has no README data, which is abnormal. The namespace '@bluryar' does not appear to be a known organization or user related to 'llama-tokenizer-js'. The names are not similar enough to suggest a direct typosquat, but the lack of information and the use of a namespace make it suspicious.",llama-tokenizer-js
npm,cspell-dict-software-terms,,false_positive,Possible typosquat of @cspell/dict-software-terms,@cspell/dict-software-terms
golang,github.com/go-slash/captcha,,false_positive,"Possible typosquat of github.com/go-macaron/captcha Explanation: The package name 'github.com/go-slash/captcha' is very similar to 'github.com/go-macaron/captcha' (edit distance of 6) and employs a modified namespace ('go-slash' versus 'go-macaron') that mimics the legit package, making it an adversarial name designed to potentially confuse users. The modification in namespace suggests that it is an intentional fork, not offering distinct functionality from the original package. Although its description is detailed, the overall naming mimicry and similarity to the legitimate package raise suspicious concerns about its intent. Risk level: High).",github.com/go-macaron/captcha
npm,liusc-utils,,false_positive,Possible typosquat of utils,utils
npm,typenode,,false_positive,"Possible 1-step D-L dist typosquat of bytenode - Explanation: The package 'typenode' has a name that is very similar to 'bytenode', differing by only one character. There is no description provided for 'typenode', making it difficult to determine its purpose or legitimacy. The maintainer 'sliftist' is not recognized as a known maintainer in the npm community. These factors contribute to the suspicion that 'typenode' could be a typosquat of 'bytenode'.",bytenode
npm,ip2country,,false_positive,"Possible `1-step D-L dist` typosquat of ip3country Explanation: The names differ by only a single digit (2 vs 3), creating high confusion potential. Both packages serve the same goal (IP-to-country lookups) with no clear forking indicators or distinct features. The target has a README and credible-sounding methods, but the close name and overlapping functionality suggest a typosquat attempt rather than a benign variant. Risk level: High.",ip3country
npm,react-exo,,false_positive,"Possible `1-step D-L dist` typosquat of react-rx Explanation: The package name 'react-exo' is only two character edits away from 'react-rx', and based solely on name it can easily be mistaken for the legitimate package. Its minor alteration appears intentional (adversarial substitution) and it is being treated as a fork rather than a distinct project. The description does not clearly differentiate its functionality from 'react-rx' and the sole maintainer ('tax.kat') is not recognized as a known developer associated with 'react-rx'. Taken together, these factors suggest a typosquat with suspicious intent. Risk level: High).",react-rx
npm,nubomed-ui,,false_positive,"Possible typosquat of @medusajs/ui - Explanation: The package 'nubomed-ui' has no description, which makes it difficult to determine its purpose. The name 'nubomed-ui' does not appear to be an obvious play on words or creative variation of '@medusajs/ui'. The maintainer 'dongchenghuan' is not recognized as a known maintainer in the npm community. The lack of description and the similarity in naming patterns suggest it could be a typosquat, especially since 'nubomed-ui' could be misleadingly similar to '@medusajs/ui'.",@medusajs/ui
npm,eslint-plugin-ow3,,false_positive,Possible typosquat of eslint-plugin-es,eslint-plugin-es
npm,stylelint-config-neon-order,,false_positive,Possible typosquat of stylelint-config-clean-order,stylelint-config-clean-order
pypi,extractous,,false_positive,"Possible typosquat of extractcode Explanation: The package name 'extractous' is very similar to 'extractcode' (both share the 'extract' prefix, differing in the suffix 'ous' vs 'code'), which makes it potentially confusing for users. Its name appears to be an adversarial mimic, and there is no indication that the change is due to a legitimate fork (e.g., no username or organizational prefix). The functionality as described (providing Python bindings for an extraction library) overlaps significantly with the archive extraction purpose of 'extractcode', suggesting that it is not offering a distinct purpose. Furthermore, the maintainers of extractous are not known in the extractcode community, and while documentation is present, the overall pairing of the similar naming and overlapping functionality hints at suspicious intent. Risk level: High).",extractcode
npm,http-request,,false_positive,"Possible typosquat of then-request Explanation: The package name 'http-request' is very similar to 'then-request', differing only by the prefix ('http' vs 'then'), which can be confusing for users. Based solely on the package names, the similarity in structure and the common '-request' suffix suggest an adversarial mimicry, so is_adversarial_name is set to true. Since there is no user name or organization suffix/prefix that would indicate a fork, is_fork remains false. Their descriptions indicate similar purposes as general HTTP client libraries, meaning they do not have distinct purposes (has_distinct_purpose is false). The package is not marked as a test package and it contains a README, so is_test and no_readme are both false. The maintainers of 'http-request' are not linked to the known maintainers of 'then-request', so is_known_maintainer is false. The overall similarity in name and metadata, with the potential to confuse users, results in a conclusion of suspicious intent, hence has_suspicious_intent is true. There is no indication of relocation between packages, so is_relocated_package is false. Risk level: High).",then-request
npm,tanker-ts-i18n,,false_positive,Possible typosquat of @liff/i18n,@liff/i18n
npm,vdkweb-utils,,false_positive,"Possible typosquat of @pgsql/utils Explanation: The package 'vdkweb-utils' shares the common utility suffix with '@pgsql/utils' but alters the namespace to 'vdkweb', which could be seen as a deliberate attempt to mimic a trusted package. Its name employs a slight alteration (a different prefix) that users might confuse with the legitimate package due to the shared '-utils' part. Furthermore, the description being a security holding package is a classic sign of suspicious intent. With no known maintainers listed, and given the context of identical high-level functionality implied by the shared naming pattern, the package appears to be an adversarial fork meant to deceive users. Risk level: High).",@pgsql/utils
npm,core,@snmt-react-ui,false_positive,Possible typosquat of @brightspace-ui/core,@brightspace-ui/core
npm,react,@oakjs,false_positive,"Possible `scope confusion` typosquat of react Explanation: The package name '@oakjs/react' adds a namespace to the well-known name 'react', which can mislead users to confuse it with the legitimate React library. The edit distance of 7 combined with the scope addition is a form of adversarial naming. Additionally, the package appears to be a fork given its namespace and naming, yet it does not offer a distinct purpose from 'react' as the description is vague and does not match the legitimate package's use-case. The maintainers are not well-known and the overall setup appears potentially deceptive in intent. Risk level: High).",react
npm,ui,@montelo,false_positive,Possible typosquat of @medusajs/ui,@medusajs/ui
golang,github.com/farseer-go/redis,,false_positive,"Possible typosquat of github.com/go-redis/redis Explanation: The package name 'github.com/farseer-go/redis' uses the same terminal component ('redis') as the legitimate package but changes its namespace from 'GO-redis' to 'farseer-go'. Although the edit distance is relatively high (9), the mimicry of the core name in combination with a modified scope creates potential for user confusion. Based solely on the package name, it meets characteristics of an adversarial name. However, the namespace 'farseer-go' appears to be a personal or organizational account, suggesting this may be an obvious fork rather than an intentional typosquat with malicious intent. Without evidence of deceptive metadata or suspicious description content, it does not have malicious intent. Therefore, while the name is adversarial and the package is considered a fork, it does not have a distinct purpose and is not flagged as having suspicious intent. Risk level: Medium).",github.com/go-redis/redis
npm,kodiak2k,,false_positive,Possible typosquat of k-rpc,k-rpc
npm,babel-preset-typescript,,false_positive,Possible scope confusion typosquat of @babel/preset-typescript,@babel/preset-typescript
npm,fell-firm-add,,false_positive,"Possible typosquat of get-form-data Explanation: The package name 'fell-firm-add' mimics the structure of 'get-form-data' by substituting similar-sounding words (fell instead of get, firm instead of form, add instead of data), which fits several adversarial transformation patterns such as grammatical substitution and asemantic substitution. The semantic content of the names is deliberately similar, suggesting an attempt to impersonate, and thus, the package is not seen as having a distinct purpose compared to 'get-form-data'. Additionally, the suspicious maintainer 'web3jacker' further increases the suspicion. With only a minimal README provided for 'fell-firm-add', it adds to the likelihood of deceptive intent. Overall, based solely on name similarity and minimal distinguishing description, this package is considered to be a typosquat mimic. Risk level: High).",get-form-data
npm,api,@inexture,false_positive,Possible typosquat of api,api
npm,xastscript,,false_positive,Possible typosquat of hastscript,hastscript
npm,eslint-config-ts,@icebreakers,false_positive,Possible typosquat of @antfu/eslint-config-ts,@antfu/eslint-config-ts
npm,commons-compress,@vimlet,false_positive,"Possible typosquat of grunt-contrib-compress Explanation: The package '@vimlet/commons-compress' uses a scope that is not associated with the original grunt team and its name mimics the legitimate 'grunt-contrib-compress' by sharing the common 'compress' keyword, raising the possibility of deception. The similar functionality and nearly identical purpose in file compression, along with the intentional username prefix in the package name, indicate that this is likely an adversarial (and possibly forked) imitation rather than a distinct package with an unrelated purpose. Its metadata and description are also suspiciously aligned with the legitimate package, strengthening the case for typosquatting. Risk level: High).",grunt-contrib-compress
npm,eslint-config-api,,false_positive,Possible typosquat of eslint-config-xo,eslint-config-xo
npm,mexc-test,,false_positive,"Possible `simplification` typosquat of test Explanation: The package name 'mexc-test' is a prefix augmentation of 'test', which qualifies as an adversarial name due to potential confusion, despite the edit distance being 5. Its naming pattern and similarity indicate that it is designed to mimic or fork the legitimate 'test' package. Additionally, the inserted namespace 'mexc-' seems intended to draw attention away from the original, which is a common tactic in typosquatting. The description 'security holding package' combined with the near-identical purpose (i.e., providing testing functionality) and the absence of known maintainers further add to the suspicion that this is an intentional typosquat rather than a distinct or legitimate fork. Therefore, the package is classified as a suspicious fork with adversarial naming and potential malicious intent. Risk level: High).",test
npm,gawk,,false_positive,"Possible typosquat of gaze Explanation: The names 'gawk' and 'gaze' are similar enough that 'gawk' could be seen as an intentional mimic of 'gaze', particularly since they differ by only one character. This creates potential for user confusion. Additionally, both packages serve different purposes, with 'gawk' focusing on observable JavaScript objects and arrays, while 'gaze' is a file watching utility. The maintainer of 'gawk' is known in the npm community, which adds legitimacy, but the similarity in names and potential for confusion makes it suspicious.",gaze
npm,safe-regex-test,@nolyfill,false_positive,Possible typosquat of safe-regex-test,safe-regex-test
pypi,pytest-services,,false_positive,"Possible `asemantic substitution` typosquat of pytest-servers Explanation: The names 'pytest-services' and 'pytest-servers' are very similar, with only a slight difference in spelling, which could easily deceive users. Based solely on the package name, this indicates adversarial intent. The descriptions of both packages are nearly identical and they serve the same purpose as plugins for pytest, meaning they lack distinct purpose. There is no indication of a username appended in the package name, so it is not considered a fork. Also, since the package is clearly for pytest testing and maintainers are established in the PyPI community, it is identified as a test package with known maintainers. The presence of a detailed README disqualifies the no_readme flag. Overall, the similarity and potential for confusion in the metadata indicate a suspicious intent. Risk level: High).",pytest-servers
npm,tsconfig,@ckvv,false_positive,Possible typosquat of tsconfig,tsconfig
npm,gith4ck,,false_positive,"Possible `1-step D-L dist` typosquat of githulk Explanation: The package name 'gith4ck' bears only a minor change from 'githulk' (an edit distance of 2), replacing the letter 'u' with the digit '4', which is a known tactic to bypass restrictions (e.g., using 4 in place of hack due to NPM restrictions). This makes the name adversarial since it can easily deceive users. Additionally, the provided guidance indicates that 'gith4ck' is to be considered a fork of 'githulk', and its naming and description are purposefully crafted to mimic the legitimate package while introducing suspicious intent. The metadata and description, including the note about modifying the word 'hack', further support the conclusion of deceptive intent. Risk level: High).",githulk
npm,react-utils,@saas-ui,false_positive,Possible typosquat of @chakra-ui/react-utils,@chakra-ui/react-utils
npm,snsoft-lib,,false_positive,"Possible typosquat of lib Explanation: The package name 'snsoft-lib' is a 1-step modification of 'lib', which makes it potentially adversarial. The description does not indicate it is a fork, and the maintainers are not well-known in the npm community, raising suspicion. The purpose of 'snsoft-lib' is not clearly distinct from 'lib', and it does not appear to be a test package.",lib
npm,serializer,,false_positive,"Possible `1-step D-L dist` typosquat of serializerr Explanation: The two names 'serializer' and 'serializerr' are extremely similar with only a one-character difference, which can easily confuse users. This similarity meets the criteria for an adversarial name. The package 'serializer' does not include any username indicator in its name, so it is not considered a fork. Its functionality appears to aim for JSON serialization similar to the legitimate 'serializerr', and the vague description (combined with no README data) contributes to the suspicion that it is intended to mimic the legitimate package, so it does not have a distinct purpose. Additionally, the maintainer ('francois') of serializer does not match with the known maintainer of serializerr, and the poor documentation further raises concerns. Overall, these factors justify marking it as suspicious. Risk level: High).",serializerr
npm,color-plenty-lack9,,false_positive,"Possible typosquat of color-blend Explanation: Although both packages begin with the prefix ""color-"", the remainder of the package name in the suspicious package ('plenty-lack9') does not clearly indicate a distinct functionality from the legitimate 'color-blend' (which explicitly describes blending RGBA colors). The similarity in the prefix along with the minimal README and lack of detailed description in 'color-plenty-lack9' raises concerns of an intentional mimic. Additionally, the package name pattern along with using a non-typical suffix (rather than a clear user fork indicator) is more indicative of an adversarial name designed to confuse users. Consequently, the metrics point toward an adversarial naming with suspicious intent and a likely impersonation, without clear distinct purpose or evidence of legitimate maintainership. Risk level: High).",color-blend
huggingface,FL33TW00D/whisper-medium,,false_positive,Possible typosquat of FL33TW00D-HF/whisper-medium,FL33TW00D-HF/whisper-medium
npm,http-i18n,,false_positive,"Possible `asemantic substitution` typosquat of hexo-i18n Explanation: The package name 'http-i18n' is very similar to 'hexo-i18n' with an edit distance of 3, making it likely to confuse users and indicating an intentional mimic. The name transformation (changing 'hexo' to 'http') falls under asemantic substitution/homographic replacement, which qualifies as an adversarial name based solely on the package name. Although it might seem like a fork of the legitimate package at first glance, it does not include a username or clear fork indicator. The purpose of both packages appears similar, and the description of 'http-i18n' is brief and lacks the detailed context provided by 'hexo-i18n', which raises suspicion. Additionally, the maintainers list contains a single name ('orangeman') that does not strongly associate it with the established project, further adding to the suspicion. Risk level: High).",hexo-i18n
npm,is-bigint,@types,false_positive,"Possible `scope confusion` typosquat of is-bigint Explanation: @types/is-bigint is a scoped package that adds a namespace to the legitimate package is-bigint, which could confuse users. The '@types/' namespace is commonly used for TypeScript type definitions, indicating that it is related but not a direct fork. The maintainers are known, which reduces suspicion, but the potential for confusion remains high due to the similarity in names.",is-bigint
npm,subscribe,@medeity,false_positive,Possible typosquat of @fastify/sensible,@fastify/sensible
npm,base,@gnyio,false_positive,Possible typosquat of base,base
gem,deface,,false_positive,"Possible typosquat of defacer Explanation: The name ‘deface’ is only one character different from ‘defacer’, making it highly confusing (is_adversarial_name=true). There’s no description or readme, and no evidence of a distinct functionality or fork, so it’s likely an attempt to impersonate rather than a legitimate alternative (obvious_not_typosquat=false, has_distinct_purpose=false, is_fork=false). The package name doesn’t indicate testing, and the maintainer isn’t a widely recognized Ruby authority (is_test=false, is_known_maintainer=false). The complete lack of documentation (no_readme=true) combined with the near-identical name suggests malicious intent to trick users (has_suspicious_intent=true). There’s no indication it’s a relocated package (is_relocated_package=false). Risk level: High.",defacer
npm,reflect.ownkeys,@nolyfill,false_positive,Possible typosquat of reflect.ownkeys,reflect.ownkeys
npm,deffy,,false_positive,Possible typosquat of defu,defu
npm,use-wallet-beta,,false_positive,"Possible typosquat of @celo/wallet-base Explanation: The package name 'use-wallet-beta' is intentionally similar to '@celo/wallet-base' in its usage of the core term 'wallet' and similar structural composition (a prefix and a modifier). This can potentially mislead users into thinking it is related or an official variant. The similarity in naming constitutes an adversarial naming strategy despite slight semantic differences. There is no indication of a legitimate fork since no username or organizational prefix is used. Also, the functionality described for use-wallet-beta overlaps with wallet-related functions similar to the legitimate package, failing to demonstrate a clearly distinct purpose. Additionally, the maintainer ('jadejav01234') is not a known maintainer from the official organization, which adds to the suspicion. The package does have a readme and detailed description, but the overall presentation and similarities contribute toward displaying suspicious intent. Therefore, the metrics are set as above. Risk level: High).",@celo/wallet-base
npm,fate-cli,,false_positive,"Possible `1-step D-L dist` typosquat of fta-cli Explanation: The names differ by just one character (insertion of ""e""), making them easily confusable (is_adversarial_name=true). The target has no README or indication of a clear, distinct purpose (no_readme=true, has_distinct_purpose=false), and there is no sign it’s a fork or relocation. The single maintainer is not a known entity in this ecosystem (is_known_maintainer=false), and the package’s lack of documentation combined with name confusion suggests malicious or deceptive intent (has_suspicious_intent=true). Risk level: High.",fta-cli
npm,create-arnav-app,,false_positive,"Possible typosquat of create-react-app - Explanation: The package 'create-arnav-app' has a name that closely resembles 'create-react-app', which could confuse users. The lack of README data and the fact that the maintainer is not widely recognized in the npm community contribute to the suspicion. The name 'arnav' does not suggest a distinct purpose or intentional play on words related to 'react'.",create-react-app
npm,eslint-config-ao-legacy,,false_positive,Possible typosquat of eslint-config-turbo,eslint-config-turbo
npm,eslint-config,@askluna,false_positive,Possible typosquat of eslint-config,eslint-config
npm,sp-sdk,@ethsign,false_positive,Possible typosquat of @directus/sdk,@directus/sdk
pypi,sgraph,,false_positive,"Similar in name to ""igraph"", it is its own tool designed for hierarchical graph data structures, formats, and algorithms.",
npm,hic-iusto,@kollorg,false_positive,Possible typosquat of isomorphic-git,isomorphic-git
npm,utils,@iyulab,false_positive,Possible typosquat of utils,utils
npm,react-dom-factories,@types,false_positive,"Possible `scope confusion` typosquat of react-dom-factories Explanation: @types/react-dom-factories is a namespaced version of react-dom-factories, which could confuse users. The '@types/' namespace is commonly used for TypeScript type definitions, indicating a potential legitimate purpose, but it could also be seen as an attempt to mimic the original package. The maintainers are not well-known, and the description is not provided, which raises suspicion.",react-dom-factories
npm,utils,@finalapp,false_positive,Possible typosquat of utils,utils
npm,0,,false_positive,"Possible typosquat of db0 Explanation: The package name '0.0' is very similar to 'db0' (edit distance of 2), suggesting an intentional mimicry. Based solely on the similar naming, it is considered an adversarial name because it can deceive users. The prompt also indicates that '0.0' is obviously a fork of 'db0', even though there is no additional description or unique functionality to distinguish its purpose, leading to the conclusion that it does not offer a distinct purpose. With the absence of a README and sparse metadata, plus a potentially suspicious naming tactic, the package is flagged as having suspicious intent. The maintainer 'spikef' is not recognized as part of the legitimate package's community, which further adds to the suspicion. Risk level: High).",db0
npm,import-sort-style-delicious,,false_positive,"Possible `simplification` typosquat of import-sort Explanation: The package name 'import-sort-style-delicious' clearly builds upon the legitimate name 'import-sort' by appending a suffix that might be easily confused with the original, making it an adversarial name. It does not follow a fork naming pattern (e.g., including a username to indicate the fork) and since it is explicitly a style plugin for import-sort, it does not offer a distinct purpose. The maintainer is listed as 'tdd', who is not recognized as part of the legitimate import-sort maintainer group, but that factor alone isn’t enough to trigger a positive typosquat flag in terms of intent. The readme and description are adequately informative and do not suggest overt malicious intent. Therefore, based solely on the package name similarity, it is not regarded as an obvious non-typosquat, is adversarial by its naming, and does not have a distinct purpose separate from the original import-sort. This leads to the conclusions provided in the metrics. Risk level: Medium).",import-sort
pypi,sqlite-xsv,,false_positive,"Possible typosquat of sqlite-fts4 Explanation: The package name 'sqlite-xsv' deliberately uses the same prefix as 'sqlite-fts4' and changes only the suffix, which is a known adversarial tactic (asemantic/homographic substitution) to confuse users. There is no user or organization name in the typosquat indicating a fork, and the altered suffix does not seem to signal a different semantic purpose—rather it appears meant to mimic 'sqlite-fts4'. Although the legitimate package has a clear and detailed description, the similarity in naming can deceive users into believing the packages are related, leading us to mark it as suspicious with a lack of distinct purpose. Risk level: High).",sqlite-fts4
npm,is-generator-function,@nolyfill,false_positive,Possible typosquat of is-generator-function,is-generator-function
npm,thales-utils,,false_positive,Possible typosquat of utils,utils
npm,api,@merkl,false_positive,Possible typosquat of @verdaccio/api,@verdaccio/api
npm,cspell-dict-cpp,,false_positive,Possible typosquat of @cspell/dict-cpp,@cspell/dict-cpp
npm,jsonschema,,false_positive,Possible typosquat of json-schema,json-schema
npm,assert,@gaiiaa,false_positive,Possible typosquat of assert,assert
huggingface,VladDoc/model,,false_positive,Possible typosquat of vladocar/model,vladocar/model
npm,counterfact,,false_positive,"Possible `1-step D-L dist` typosquat of counterpart Explanation: Although the two package names 'counterfact' and 'counterpart' differ only by an edit distance of 2, indicating a very minor alteration and high potential for confusion, their purposes are clearly distinct. Counterfact is a mock server for front-end development, whereas counterpart is a translation/localization library. The similarity in name makes counterfact an adversarial name and raises suspicions of typosquatting, even though it is not a fork (the name does not include a user identifier) and its description is detailed. Additionally, there is no evidence that the maintainer 'pmcelhaney' is linked to the legitimate counterpart package, which further supports the possibility of deceptive intent. Risk level: High).",counterpart
npm,json-schema,@criteria,false_positive,"Possible typosquat of typescript-json-schema Explanation: The package '@criteria/json-schema' shares a very similar core element with 'typescript-json-schema' (both indicating functionality related to JSON Schema and TypeScript) and its naming is arranged in a way that could deceive users. The inclusion of a namespace (@criteria) that is not present in the legitimate package name and the similar description increases the potential for adversarial mimicry. It is not considered a fork because the namespace is a clear organizational scope rather than a username directly appended to the legit package name. Additionally, both packages appear to target the same functionality (i.e., handling JSON Schema in TypeScript), leading to the conclusion that they don't have distinct purposes. The package is not marked as a test package and has a well-populated README. Lastly, the maintainer 'jamesmoschou-criteria' is not recognized as part of the original project’s maintainer group, which further contributes to the suspicious nature of the naming strategy. Risk level: High).",typescript-json-schema
npm,oribuild-linux-arm64,,false_positive,"Possible typosquat of esbuild-linux-arm64 - Explanation: The package name 'oribuild-linux-arm64' is similar to 'esbuild-linux-arm64' with only a minor change in the first few characters, which could confuse users. The lack of description and the fact that the maintainer is not a known entity in the npm community further adds to the suspicion.",esbuild-linux-arm64
npm,modals,@inexture,false_positive,Possible typosquat of @mantine/modals,@mantine/modals
npm,react,@tello-ui,false_positive,"Possible typosquat of semantic-ui-react Explanation: The package '@tello-ui/react' has no README data, which is abnormal. The namespace '@tello-ui' does not clearly indicate a known organization or user, and the name is not similar enough to 'semantic-ui-react' to be an obvious play on words or creative variation. The lack of information and the namespace usage make it potentially suspicious.",semantic-ui-react
npm,row,@svelement-ui,false_positive,"Possible typosquat of element-ui Explanation: The package '@svelement-ui/row' has a namespace that could be seen as mimicking 'element-ui', and lacks a description, which raises suspicion. The maintainer 'koory1st' is not recognized as a known maintainer in the npm community, and there is no clear indication of a distinct purpose or intentional play on words. The lack of README data further contributes to the suspicion.",element-ui
gem,aws-graph,,false_positive,"Possible typosquat of aws Explanation: The package name 'aws-graph' is a minor modification of 'aws', which could confuse users, making it an adversarial name. It has a distinct purpose related to AWS security, differentiating it from the general AWS library. The maintainers are known in the community, which reduces suspicion, but the name still raises concerns due to its similarity to 'aws'.",aws
pypi,liftover,,false_positive,"Possible `1-step D-L dist` typosquat of pyliftover Explanation: The package 'liftover' closely mimics 'pyliftover' by simply removing the 'py' prefix, resulting in a minimal change that could easily deceive users. Its description and functionality are nearly identical to pyliftover—both convert genome build coordinates, with liftover emphasizing performance improvements using C++—which implies that it is not providing a distinct purpose. Although liftover’s maintainership (['jeremy.mcrae']) indicates a known developer in the PyPI community, the subtle name change is adversarial and raises suspicion. There is no indication of it being an official fork (no username attached in the package name) nor a relocated package. Therefore, while it has similar intent as pyliftover, the minimal alteration in the name is enough to flag it as a potential typosquat with suspicious intent. Risk level: High).",pyliftover
npm,nekos-js,,false_positive,"Possible `1-step D-L dist` typosquat of nkeys.js Explanation: The two package names – 'nekos-js' and 'nkeys.js' – are very similar in spelling and punctuation with only minor character differences that can deceive users. This similarity qualifies 'nekos-js' as an adversarial name even though it does not include a clear username indicator to be flagged as a fork. In addition, the similar look of the names suggests that 'nekos-js' may be attempting to impersonate 'nkeys.js', which causes us to mark has_distinct_purpose as false. Although 'nekos-js' does provide a README link and its maintainers (['cramatsu']) appear legitimate, the confusing similarity in naming and the potential to mislead users result in marking the package as suspicious in intent. There is no evidence to classify this package as a relocated package or a testing package. Risk level: High).",nkeys.js
npm,evaluators,@nocobase,false_positive,Possible typosquat of csp_evaluator,csp_evaluator
npm,eslint-plugin-prettier,@cailiao,false_positive,Possible typosquat of eslint-plugin-prettier,eslint-plugin-prettier
npm,watcher,@teambit,false_positive,Possible typosquat of watcher,watcher
npm,apidi-plugin-hapi,,false_positive,Possible typosquat of @hapi/eslint-plugin-hapi,@hapi/eslint-plugin-hapi
npm,is-core-module,@nolyfill,false_positive,Possible typosquat of is-core-module,is-core-module
npm,de-cent-ts-linux-x64-gnu,,false_positive,"Possible typosquat of @swc/core-linux-x64-gnu Explanation: The package name 'de-cent-ts-linux-x64-gnu' mirrors the structure of the legitimate package name '@swc/core-linux-x64-gnu', with only the leading segment replaced. This subtle and intentional modification (a prefix and reference swap) is sufficient for potential deception. The fact that the suffix '-linux-x64-gnu' remains the same while the main identifier has been altered suggests an adversarial intent; hence is_adversarial_name is set to true. There is no indication that the altered prefix is a username or a legitimate organizational namespace, so it is not considered a typical fork (is_fork is false). The descriptions are nearly identical in that both describe a binary for their respective project, and the mimicry in naming implies that the two packages are intended to be confused with each other. Therefore, the package does not have a distinct purpose relative to the legitimate package (has_distinct_purpose is false). There is no evidence suggesting that de-cent-ts-linux-x64-gnu is for testing (is_test is false) and the sole maintainer ('exulansis') is not known to be part of the legitimate @swc team (is_known_maintainer is false). Both packages have proper README content (no_readme is false), and there is no indication of a known relocation between the packages (is_relocated_package is false). Overall, the similarities in naming, especially in the context of the known and reputable @swc package, along with the mismatch of organizational footprint, contribute to the conclusion that de-cent-ts-linux-x64-gnu is potentially suspicious and intended to mimic the legitimate package. Risk level: High).",@swc/core-linux-x64-gnu
pypi,wierdpkg,,false_positive,"Possible typosquat of wirerope Explanation: The package name 'wierdpkg' is very similar to 'wirerope' with only a slight modification, making it potentially confusing to users. This similarity suggests an adversarial attempt, so 'is_adversarial_name' is marked True. There is no indication in the name that it is a fork (no user or organization prefix/suffix), so 'is_fork' is False. The vague description ('An arch reactor package') does not match the detailed functionality of 'wirerope', implying that if this package is mimicking 'wirerope', it does not offer a distinct purpose – hence 'has_distinct_purpose' is False. It is not identified as a test package, and the provided maintainer ('gangadhar') is not known to be part of the legitimate 'wirerope' team, so 'is_known_maintainer' is False. The package includes a description, so 'no_readme' is False. The code bases themselves are quite different.",wirerope
npm,snke,,false_positive,"Possible typosquat of snyk - Explanation: The package name 'snke' is very similar to 'snyk', with only one character missing, which is a common pattern in typosquatting. The lack of README data and the absence of a clear namespace or description further increase suspicion. The maintainer 'cooperrunyan' is not recognized as a known maintainer in the npm community, adding to the suspicion.",snyk
npm,base112,,false_positive,"Possible `simplification` typosquat of base Explanation: The package 'base112' has no README data, which is abnormal, and the name is similar enough to 'Base' to potentially confuse users. The maintainer 'mitrovic95' is not recognized as a known maintainer in the npm community, and there is no indication of a distinct purpose or intentional play on words. The lack of namespace information and README data makes it difficult to determine a legitimate purpose, increasing suspicion.",base
npm,codecs,,false_positive,"Possible `1-step D-L dist` typosquat of bodec Explanation: The package name 'codecs' is highly similar to 'bodec' – differing by only a minor character change – and with both packages serving a similar purpose (binary encoding/decoding), it appears that 'codecs' was designed to mimic 'bodec'. Based solely on the name, the similarity is enough to cause user confusion (adversarial name = true) and the intended functionality is not distinct from 'bodec' (has_distinct_purpose = false). There is no user or organizational identifier in the name (is_fork = false) and the package is not meant for testing. Additionally, since the maintainers (['mafintosh']) are known in the community and both packages include a detailed README, metadata does not mitigate the deception. Thus, the overall evaluation leads to obvious_not_typosquat = false and has_suspicious_intent = true. Risk level: High).",bodec
golang,github.com/ipld/go-car,,false_positive,Possible typosquat of github.com/ipfs/go-car,github.com/ipfs/go-car
npm,imatrix-mobile-lib,,false_positive,Possible typosquat of ripple-lib,ripple-lib
npm,typedarray,@nolyfill,false_positive,Possible typosquat of typedarray,typedarray
npm,is-executable,,false_positive,"Possible `simplification` typosquat of executable Explanation: The package 'is-executable' and the legitimate package 'executable' have nearly identical purposes and functionality (both check whether a file is executable). The package name 'is-executable' is only a minor modification (addition of the 'is-' prefix) which can easily confuse users, making it adversarial. There is no indication that 'is-executable' is a fork (as it does not include a clear username in its name), and it does not serve a distinct purpose; it is a direct mimic of 'executable'. The maintainer of 'is-executable' is sindresorhus, who is a well-known maintainer, but the similarity of the metadata raises suspicion. Since both packages have proper READMEs, no_readme is set to false. Overall, based solely on the package name and its similar description to that of 'executable', the suspicious intent metric is set to true. Risk level: High).",executable
huggingface,ChrisWilson010101/5D8BVCv5pHnbBkv3K2WBj2eUCy2ERCuU3N8YQuyVu5MqDkSx_vgg,,false_positive,Possible typosquat of Chrisisis/5D8BVCv5pHnbBkv3K2WBj2eUCy2ERCuU3N8YQuyVu5MqDkSx_vgg,Chrisisis/5D8BVCv5pHnbBkv3K2WBj2eUCy2ERCuU3N8YQuyVu5MqDkSx_vgg
gem,hiu_auth,,false_positive,"Possible typosquat of brl_auth Explanation: The package 'hiu_auth' is structurally very similar to 'brl_auth' with only minor character substitutions in the prefix, making it easily confusable and thus adversarial. The naming pattern (_auth) is common, but given the close resemblance and similar intended functionality described in both package descriptions, 'hiu_auth' appears to mimic 'brl_auth' rather than having a distinct purpose. There is no clear indication of a fork since the name does not include a username tag, and the maintainer 'hiungwork' is not recognized as a known maintainer from the legitimate package. The description provided is minimal, yet similar in intent to the legitimate package. There is no evidence for it being a test package, nor is there an indication of relocation. Overall, the analysis raises significant suspicion regarding typosquatting through adversarial naming and mimicking purpose. Risk level: High).",brl_auth
npm,emoji-logger,,false_positive,"Possible typosquat of mocha-logger Explanation: Both packages share a similar naming pattern with only the prefix differing (""emoji"" vs ""mocha"") and both offer logging functionality, suggesting that emoji-logger could be designed to mimic or piggyback on the reputation of mocha-logger. The name transformation (semantic substitution of ""mocha"" with ""emoji"") appears to be a 1-step adversarial modification, making it confusing to users. There is no username-based fork indicator, and while the maintainer (ionicabizau) is known, the similarity in naming and overlapping scope (logging) without distinguishing unique purposes leads to the conclusion that emoji-logger is not obviously independent in its purpose and has suspicious intent. The README is present, so no_readme remains false, and there is no evidence of package relocation. Risk level: High).",mocha-logger
golang,github.com/go-zoox/i18n,,false_positive,"Possible typosquat of github.com/go-macaron/i18n Explanation: The package name 'github.com/go-zoox/i18n' is highly similar to the legitimate 'github.com/go-macaron/i18n' based solely on the name, which has an edit distance of 6 and uses a contrasting namespace (go-zoox vs go-macaron). This raises the possibility of intentional mimicry designed to deceive users. Additionally, as the package name includes a username ('go-zoox'), it is treated as a fork, but the similarity in name without clear differentiation of purpose makes it highly suspicious. With minimal descriptive metadata provided for the suspect package, the resemblance suggests an adversarial intent. Risk level: High).",github.com/go-macaron/i18n
gem,execgem,,false_positive,"Possible `simplification` typosquat of cgem Explanation: Although both package names are in the Ruby ecosystem, 'execgem' and 'cgem' share high visual and phonetic similarity, with execgem only adding a prefix. This one-step modification (prefixing with 'exec') is a classical adversarial technique, making the package name potentially deceptive. There is no indication that 'execgem' is a fork (e.g., no username-based prefix/suffix), so it is not considered a fork. The descriptions suggest different functionalities – cgem helps in switching gem sources, while execgem claims to create an executable gym – yet given the similarity in names, the intention appears to mimic cgem and could mislead users. Moreover, the overall presentation (brief description, similar naming) raises suspicion of intent, yielding a positive flag for suspicious intent. The maintainer, 'ravi7648', is a recognized contributor in the Ruby community, and both packages have a readme (description provided), so those metrics are not suspicious. Therefore, although the packages serve apparently distinct purposes, the naming mimickry is likely deliberate, making its distinct purpose flag false. Risk level: High).",cgem
npm,tson-socket-stream,@syncot,false_positive,"Possible typosquat of websocket-stream Explanation: The package name '@syncot/tson-socket-stream' closely mirrors 'websocket-stream' by sharing the common suffix 'socket-stream', with only a prefix change (tson vs websocket) which might deceive users. The use of an organizational namespace (@syncot) and the absence of a README further heighten suspicion. There is no evidence that this is a fork (e.g., inclusion of the legitimate maintainer's name) or that it serves a distinct purpose since it seems to mimic the functionality of 'websocket-stream' albeit with TSON-specific encoding. Therefore, metrics like adversarial name and suspicious intent are flagged, while it is not marked as an obvious non-typosquat. Risk level: High).",websocket-stream
npm,original,@types,false_positive,"Possible typosquat of types Explanation: The package '@types/original' uses a common namespace '@types/' which is typically used for TypeScript type definitions. However, the description is abnormal, and the legitimate package 'types' lacks a README, making it difficult to determine the relationship. The namespace '@types/' is not inherently suspicious, but without more information, '@types/original' could potentially be a typosquat.",types
pypi,tower-cli,,false_positive,"Possible typosquat of ansible-tower-cli Explanation: The package names are highly similar, with 'tower-cli' essentially missing the 'ansible-' prefix found in the legitimate 'ansible-tower-cli'. This omission represents a deliberate name transformation that could mislead users, resulting in an adversarial name even though the edit distance (due solely to the missing prefix) is 8. There is no indication from the package name or metadata that 'tower-cli' is intended as a standard fork (the name does not include a username) or a test package. Its functionality and description closely mirror that of 'ansible-tower-cli', but the maintainer ('bradhe') is not clearly associated with the official project, further raising suspicion. Taken together, these factors indicate a potential typosquat with suspicious intent. Risk level: High).",ansible-tower-cli
npm,bootpag,@types,false_positive,"Possible typosquat of types Explanation: The package '@types/bootpag' uses a common namespace '@types/' which is typically used for TypeScript type definitions. However, the description is abnormal, and the maintainers list includes 'types', which is not a known maintainer. The legitimate package 'types' lacks a description, making it difficult to determine the relationship. The namespace '@types/' is not suspicious by itself, but the lack of clear information and abnormal description raises suspicion.",types
npm,deep-equal,@types,false_positive,"Possible `scope confusion` typosquat of deep-equal Explanation: @types/deep-equal is a scoped package that adds a namespace to the legitimate package deep-equal, which could confuse users. The '@types/' namespace is commonly used for type definitions in TypeScript, indicating that it is not a direct fork but rather a type definition package. However, the similarity in names and the potential for user confusion classify it as an adversarial name. The maintainers are known, which reduces suspicion, but the overall context still raises concerns.",deep-equal
npm,clearly-fresh-sad-tail,,false_positive,"Possible typosquat of always-tail Explanation: The package name 'clearly-fresh-sad-tail' retains the key element '-tail' from 'always-tail' and adds a string of adjectives that mimic the original name in a deceptive way. Based solely on the name, this modification falls under a combination of semantic substitution and compound squatting and can mislead users. There is no username or clear affiliation indicator to mark it as a fork, and its purpose does not appear distinct since it seems crafted to impersonate 'always-tail'. The minimal README and the fact that the maintainer ('web3jacker') is not clearly associated with the legitimate package further add to the suspicion. Hence, the metrics point towards it being an adversarial, suspicious typosquat with no distinct purpose. Risk level: High).",always-tail
npm,sabil-js-sdk,,false_positive,"Possible typosquat of avail-js-sdk Explanation: The package 'sabil-js-sdk' is highly similar in structure and naming to 'avail-js-sdk', differing only in the first segment ('sabil' vs 'avail'). This minor alteration is indicative of adversarial name manipulation (e.g., asemantic substitution) that could easily confuse users. There’s no clear indication that it is an explicitly declared fork or that it serves a distinct purpose; its description closely mirrors an SDK. The known maintainer ('ahmedsabil') suggests legitimacy in isolation, but given the deliberate name similarity and the pattern of minor character changes typically seen in typosquats, the package is considered suspicious.Package is adversarial and have similar purpose, so it's likely a typosquat.",avail-js-sdk
npm,utils,@tmagic,false_positive,Possible typosquat of utils,utils
npm,discord.js-sound,,false_positive,Possible typosquat of discord.js,discord.js
npm,eslint-plugin-cvsdk-rules,,false_positive,"Possible typosquat of eslint-plugin-ckeditor5-rules Explanation: The package 'eslint-plugin-cvsdk-rules' has no README data, which is abnormal. The name 'cvsdk' does not clearly relate to 'ckeditor5', and there is no indication of a distinct purpose or known maintainer. The lack of information and similarity in naming pattern makes it potentially suspicious.",eslint-plugin-ckeditor5-rules
npm,eslint-config-ts,@dohooo,false_positive,Possible typosquat of @jill64/eslint-config-ts,@jill64/eslint-config-ts
npm,data-fns,,false_positive,"Possible `1-step D-L dist` typosquat of date-fns Explanation: The package name 'data-fns' differs from 'date-fns' by only one character, a change that fits known typosquatting techniques such as a single-step Levenshtein edit. Although its description—and therefore functionality—is different (providing array-based utilities rather than date manipulation functions), the strong name resemblance may deceive users looking for the legitimate date-fns package. In addition, despite having a README and a professional description, the potential for confusion remains, especially given the minimal name alteration. The absence of any user or organization attribution (i.e. no clear namespace or username indicating a fork) further increases the risk of the package being misinterpreted as an intentional mimic. Risk level: High).",date-fns
npm,breadcrumbs,@mabi-ui,false_positive,Possible typosquat of @chakra-ui/breadcrumb,@chakra-ui/breadcrumb
npm,magnoli-types,,false_positive,"Possible `simplification` typosquat of types Explanation: The package 'magnoli-types' is considered an adversarial name due to its similarity to 'types', which could confuse users. It has a distinct purpose related to Magnoli's business entities, indicating it is not just a simple fork. The maintainers are known, which adds legitimacy, but the name and purpose suggest it could be a typosquat aimed at users looking for 'types'.",types
npm,icons,@talismn,false_positive,Possible typosquat of icons,icons
npm,sizeof,,false_positive,"Possible prefix/ suffix augmentation typosquat of object-sizeof - Explanation: The package 'sizeof' and 'object-sizeof' have very similar purposes and functionality, both calculating the size of JavaScript objects. The name 'sizeof' is a shortened version of 'object-sizeof', which could potentially confuse users. The maintainer 'lyroyce' is not a widely recognized maintainer in the npm community, and there is no indication that 'sizeof' is a fork or has a distinct purpose. The similarity in functionality and naming suggests it could be a typosquat.",object-sizeof
npm,base,@inexture,false_positive,Possible typosquat of base,base
npm,zod,@conform-to,false_positive,"Possible typosquat of ts-to-zod - Explanation: The package '@conform-to/zod' lacks a description and has a namespace that does not clearly indicate a legitimate organization or user. The name is not a clear play on words or creative variation of 'ts-to-zod', and there is no evidence of it being a fork or having a distinct purpose. The maintainer 'edmundhung' is not recognized as a known maintainer in the npm community, increasing the suspicion of typosquatting.",ts-to-zod
npm,eslint-config-think,,false_positive,Possible typosquat of eslint-config-turbo,eslint-config-turbo
npm,keep-frozen-web3-on,,false_positive,"Possible typosquat of hang-pride-web3-at Explanation: The package 'keep-frozen-web3-on' mirrors the structural pattern of 'hang-pride-web3-at' by using a compound name with similar placement of key components (i.e. the invariant 'web3' in the same position). Despite different adjectives, the overall naming pattern appears designed to mimic the legitimate package, which makes it potentially adversarial. There is no username pattern that indicates it is a fork, and the minimal README does not provide clarity on a distinct purpose. The maintainers are not known in the community. Therefore, the naming similarity and sparse metadata lead to the conclusion that this package is suspicious and is likely intended to deceive users. Risk level: High).",hang-pride-web3-at
nuget,benchmarker,,false_positive,"Possible `1-step D-L dist` typosquat of benchmaker Explanation: The names differ by only one letter swap (benchmarker vs benchmaker), making them highly confusable (is_adversarial_name=true). Both packages offer virtually identical .NET benchmarking functionality, so there is no distinct purpose (has_distinct_purpose=false). There is no indication that ‘benchmarker’ is a fork or relocation, and it’s not a simple testing stub (is_fork=false, is_relocated_package=false, is_test=false). The maintainer ‘amit7coder’ is not a recognized NuGet authority (is_known_maintainer=false), and given the close name similarity without clear differentiation, the package carries suspicious intent (has_suspicious_intent=true). There is no evidence of missing documentation (no_readme=false). Therefore, this is likely a typosquat rather than a legitimate alternative. Risk level: High.",benchmaker
npm,eslint-config-lemon,,false_positive,Possible typosquat of eslint-config-next,eslint-config-next
npm,commitlint-config-angular,,false_positive,"Possible typosquat of @commitlint/config-angular Explanation: The target name differs from the legitimate one only by dropping the '@' scope, creating high confusion potential (is_adversarial_name=true). It provides the same functionality as @commitlint/config-angular with no new features, so it’s not a distinct purpose nor a fork. It isn’t a test package and it does include a README aliasing the scoped package. While the listed maintainers match known commitlint authors (is_known_maintainer=true), the package itself appears intended to trick users into installing an unscoped alias (has_suspicious_intent=true). No evidence of an official relocation was provided. Risk level: High.",@commitlint/config-angular
npm,swell-storefront,,false_positive,"Possible typosquat of @ikas/storefront Explanation: The package name swell-storefront shares the 'storefront' term with the legitimate @ikas/storefront, which could confuse users due to the similarity and potential mimicry. The name difference, where 'swell' is added instead of 'ikas', is a typical adversarial modification intended to impersonate the legitimate package's identity, hence is_adversarial_name is true. There is no indication of the package being a fork since the naming does not include a clear user name prefix or suffix, so is_fork is false. Despite the similarity in naming suggesting they target similar storefront functionalities, the two packages are not clearly distinct in purpose, especially given that swell-storefront's description states it has been renamed and moved to another package (Swell JS), implying an impersonation rather than a complementary offering; therefore, has_distinct_purpose is set to false. The package does not appear to be for testing, and the known maintainers (['ei']) do not convey any high reputational evidence, leading is_known_maintainer to be false. Since swell-storefront provides a README, no_readme is false. The overall similarity in naming combined with the relocation message and potential intent to mimic the legitimate package contributes to a suspicious intent, so has_suspicious_intent is true. Finally, there is no evidence that swell-storefront is a relocated package of @ikas/storefront, thus is_relocated_package is false. Risk level: High).",@ikas/storefront
npm,object-keys,@types,false_positive,"Possible `scope confusion` typosquat of object-keys Explanation: @types/object-keys is a scoped package that suggests it is related to TypeScript definitions for the object-keys package. The namespace '@types/' is a common development namespace for TypeScript type definitions, which indicates it is likely a legitimate fork rather than a malicious typosquat. However, the similarity in names and the potential for user confusion classify it as an adversarial name. The maintainers are known in the npm community, which reduces suspicion, but the overall context still raises concerns.",object-keys
npm,utils,@easyest,false_positive,Possible typosquat of utils,utils
npm,string.prototype.trim,@nolyfill,false_positive,Possible typosquat of string.prototype.trim,string.prototype.trim
npm,fs-routers,,false_positive,"Possible `1-step D-L dist` typosquat of fs-routes Explanation: The target name differs by only one extra ‘r’ from the legitimate package, making it easy to confuse (‘fs-routers’ vs ‘fs-routes’). It offers no clear fork markers or distinct functionality and provides only a placeholder README, suggesting minimal effort beyond name mimicry. The maintainer is not a recognized author of the legitimate package, and there are no signs of relocation. These factors point to a potential malicious typosquat rather than a legitimate alternative. Risk level: High.",fs-routes
npm,checkbox,@purpurds,false_positive,Possible typosquat of @atlaskit/checkbox,@atlaskit/checkbox
npm,core-i18n,@thatweb,false_positive,Possible typosquat of @itwin/core-i18n,@itwin/core-i18n
npm,eslint-config-ts,@benewy,false_positive,Possible typosquat of @antfu/eslint-config-ts,@antfu/eslint-config-ts
golang,github.com/stripe/goproxy,,false_positive,"Possible typosquat of github.com/goproxy/goproxy Explanation: The package 'github.com/stripe/goproxy' differs from 'github.com/goproxy/goproxy' only in its namespace. The use of the 'stripe' namespace mimics the original package name and may mislead users, which makes it adversarial. In addition, since the username (stripe) is appended as the namespace, it appears to be a fork of the original package rather than a completely distinct project. The functionality described in its description overlaps significantly with the legitimate package, so it does not serve a distinct purpose. Although it is not used for testing and it does come with a description (i.e. no_readme is false), the modifications in the namespace along with similar metadata raise concerns for suspicious intent. The package is not known to be a relocated one, and the known maintainer 'stripe' does not fully mitigate these concerns. Risk level: High).",github.com/goproxy/goproxy
npm,anteros-react,,false_positive,"Possible `simplification` typosquat of react Explanation: The package name 'anteros-react' uses prefix augmentation with 'anteros-' added to 'react', which fits common typosquatting strategies. Despite the edit distance being 8, the name leverages compound squatting tactics that could potentially mislead users by mimicking 'react'. Its description does not clearly differentiate its purpose from React and appears to be a fork rather than a distinct utility. Additionally, the use of a single maintainer ('edsonmartins') without strong community backing further supports the potential for typosquatting. Risk level: High).",react
npm,alscontext,,false_positive,"Possible `simplification` typosquat of context Explanation: The package name 'alscontext' is nearly identical to 'context' with a simple prefixed string (als), which falls under minor alteration schemes that can confuse users. Based solely on the name, it qualifies as an adversarial name. There is no indication that 'alscontext' is a fork since it does not include a recognizable username or organizational identifier. The functionality described in its README closely mirrors a continuation-local storage mechanism similar in intent to 'context', leaving little room for a distinct purpose. Furthermore, the maintainer 'darkripper' is not linked to the original 'context' package, and although the package includes a detailed README, the combination of name similarity and intent implies suspicious behavior. Therefore, the metrics have been set to reflect this suspicion. Risk level: High).",context
npm,easyme,,false_positive,"Possible `1-step D-L dist` typosquat of enzyme Explanation: The package name 'easyme' is very similar to 'enzyme' with an edit distance of 2, which makes it likely to confuse users. Based solely on the name similarity, the name is adversarial. Although the metadata does not include explicit fork indicators (such as a username or clear fork reference), the absence of organization or namespace data prevents identifying it as a legitimate fork. The functionalities do not appear to be distinct from 'enzyme', and there is no evidence to suggest it is intended for testing. Moreover, the lack of a proper README and minimal description increases suspicion of deceptive intent. The listed maintainer 'hnazfb' does not correspond to a known reputable maintainer in the community. Therefore, the package raises several red flags for being a potential typosquat. Risk level: High).",enzyme
npm,eslint-config-mother,,false_positive,Possible typosquat of eslint-config-love,eslint-config-love
npm,radio,@destyler,false_positive,Possible typosquat of @atlaskit/radio,@atlaskit/radio
npm,eslint-plugin-react-native-wix,,false_positive,Possible typosquat of eslint-plugin-react-native-a11y,eslint-plugin-react-native-a11y
npm,gulp-plugin-prettier,,false_positive,Possible typosquat of prettier-plugin-sql,prettier-plugin-sql
npm,vue-data-ui,,false_positive,Possible typosquat of @vue/devtools-ui,@vue/devtools-ui
npm,toobit-dev,,false_positive,"Possible typosquat of @formkit/dev Explanation: The package name 'toobit-dev' has a similar suffix to '@formkit/dev' and a relatively low edit distance (6), and its name appears to mimic the legitimate package by using '-dev', which could mislead users. Additionally, the description is suspicious as it labels the package as a 'security holding package' which is a red flag for malicious intent. The absence of recognized maintainers further supports mistrust, and the package naming pattern indicates it is intended as a fork or mimic rather than serving a distinct purpose. Overall, both the name pattern and the suspicious description raise concerns about dupe or typosquat behavior. Risk level: High).",@formkit/dev
npm,ryuu.js,,false_positive,"Possible `1-step D-L dist` typosquat of rut.js Explanation: The package name 'ryuu.js' is very similar to 'rut.js' with only minor letter additions that could potentially confuse users. Although the known maintainers list (bmoss, domo, ttingey, jasonleehodges, jmnemelka) supports a level of legitimacy, the adversarial nature of the name and the absence of a README in its description raise concerns that it might be an intentional mimic. No evidence suggests that it is a fork or has a distinct purpose from 'rut.js'.Package is adversarial and have similar purpose, so it's likely a typosquat.",rut.js
npm,syncopate,,false_positive,"Possible typosquat of synckit Explanation: The package 'syncopate' is very similar in name to 'synckit' with only a minor alteration in the ending which could easily confuse users. This similarity qualifies it as an adversarial name since it falls under 1-step Levenshtein distance/adversarial naming tactics. There is no indication that the package name includes any username or legitimate organizational prefix/suffix, so it is not considered a fork. Both packages aim to alter asynchronous execution to synchronous behavior, so they do not have a distinct purpose, implying that syncopate appears to be an impersonation of synckit. Additionally, the maintainer 'archive_donotuse' does not represent a known trusted maintainer in the community, increasing the suspicion. The package provides a README, so no_readme is false. Overall, the similarity in naming and functionality raises concerns of suspicious intent. Risk level: High).",synckit
npm,ui,@tokens-studio,false_positive,Possible typosquat of @shustudios/ui,@shustudios/ui
npm,string.prototype.replaceall,@nolyfill,false_positive,Possible typosquat of string.prototype.replaceall,string.prototype.replaceall
npm,kraken-dev,,false_positive,"Possible typosquat of mqlight-dev Explanation: The package names share a common '-dev' suffix but differ significantly in their unique identifier parts ('kraken' vs 'mqlight'), resulting in an edit distance of 7. Although the names aren’t similar enough (e.g. a 1-step edit) to be considered adversarial solely based on name similarity, the context and metadata tell a different story. The provided description of kraken-dev is marked as a 'security holding package' and is nearly empty except for that, which is a known red flag for suspicious intent. There is also no known maintainer information, and it appears to have been created clearly as a fork of the legitimate package, mqlight-dev, without offering a distinct purpose or new functionality. Taken together, this indicates that kraken-dev is designed to mimic mqlight-dev intentionally, leaning towards suspicious typosquatting behavior even though the name transformation is not a close, minor modification. Risk level: High).",mqlight-dev
huggingface,ChrisWilson010101/5CMfwZ6tMWNYa2VoSdXA5FS5X4sAkWaH3CNjA1rL78tNXNkn_vgg,,false_positive,Possible typosquat of Chrisisis/5CMfwZ6tMWNYa2VoSdXA5FS5X4sAkWaH3CNjA1rL78tNXNkn_vgg,Chrisisis/5CMfwZ6tMWNYa2VoSdXA5FS5X4sAkWaH3CNjA1rL78tNXNkn_vgg
npm,jancok1995,,false_positive,Possible typosquat of textlint,textlint
npm,harmony-reflect,@nolyfill,false_positive,Possible typosquat of harmony-reflect,harmony-reflect
npm,pikd-utils,,false_positive,Possible typosquat of utils,utils
npm,cuirk,,false_positive,"Possible 1-step D-L dist typosquat of cfork - Explanation: The package 'cuirk' has no README data, which is abnormal and makes it difficult to determine its purpose. The name 'cuirk' is not an obvious play on words or creative variation of 'cfork'. The maintainer 'jameslovallo' is not recognized as a known maintainer in the npm community. The lack of information and similarity in name suggests it could be a typosquat.",cfork
npm,editor,@ulld,false_positive,Possible typosquat of @wangeditor/editor,@wangeditor/editor
npm,has-symbols,@nolyfill,false_positive,Possible typosquat of has-symbols,has-symbols
pypi,dictop,,false_positive,"Possible `1-step D-L dist` typosquat of dictor Explanation: The package name 'dictop' is only a one-character alteration from 'dictor' and has highly similar semantics and functionality in handling dictionaries and JSON data. This minimal change is likely to deceive users, making the name adversarial. There is no indication that the name includes a username or other fork markers, and both packages provide similar operations, meaning they do not exhibit a clearly distinct purpose. The description of 'dictop' mirrors that of 'dictor', further raising the concern of intentional mimicry. Although 'dictop' has a README and includes maintainers ('zencore') that don’t clearly match known maintainers of 'dictor', the overall name and description similarity is enough to mark it as suspicious with potential typosquat intent. Risk level: High).",dictor
pypi,robocorp-flet-core,,false_positive,"Possible `simplification` typosquat of flet-core Explanation: The package 'robocorp-flet-core' is almost identical in description to 'flet-core' with the only difference being the addition of the 'robocorp-' prefix, a common organizational augmentation. This kind of prefix can be used to mimic or leverage the reputation of the original package while appearing to be part of an organization. The identical metadata and purposeful mimicry indicate that it is likely an intentional fork with potential typosquatting intent, despite maintained authors that appear to be legitimate. Risk level: High).",flet-core
gem,uber,,false_positive,"Possible typosquat of rubber Explanation: The name ‘uber’ is only two edits away from ‘rubber’ (missing one ‘r’ at the start and one ‘b’), making it potentially confusing. There’s no indication that ‘uber’ is a fork (no username/org qualifier) or that it serves a distinct function (no descriptions or readme to justify purpose). It doesn’t mention testing, and the maintainer is not a recognized Ruby ecosystem figure. The absence of documentation and the close name similarity raise suspicion of typosquatting rather than a legitimate alternative. Risk level: High.",rubber
npm,confluent-schema-registry,,false_positive,Possible typosquat of @kafkajs/confluent-schema-registry,@kafkajs/confluent-schema-registry
npm,core,@plume-ui-react,false_positive,"Possible typosquat of monday-ui-react-core Explanation: The package '@plume-ui-react/core' mimics the structure of the legitimate 'monday-ui-react-core' (both using the 'ui-react-core' suffix) and thus has a high potential for confusing users. The similar naming structure qualifies as an adversarial name, and the similarity in functionality suggested by both descriptions (core UI functionality for a React library) indicates that it is likely meant to impersonate. Although the scoped package name could be seen as belonging to an organization, the use of a different base name ('plume' vs 'monday') still leads to confusion. There is no indication that this package is a fork since it does not use a username known to be associated with monday-ui-react-core. The package is not marked as a test package and provides a README, but its overall presentation and similarity to the legitimate package point to suspicious intent. Moreover, the maintainers ('darioegb') are not recognized as maintainers from the monday-ui-react-core package, further contributing to the concern. Risk level: High).",monday-ui-react-core
pypi,curio,,false_positive,"Possible typosquat of trio Explanation: The package name 'curio' is extremely similar to 'trio', differing by only one character, which in a pypi ecosystem could easily mislead users into thinking it is associated with or an alternative to 'trio'. The name similarity itself qualifies as an adversarial name, even though both are concurrency libraries. As they serve very similar purposes in asynchronous programming and 'curio' mimics much of the profile of 'trio' (despite being no longer maintained on PyPi), it suggests the potential intent to confuse users despite not being an outright fork or test package. Additionally, the known maintainer (dabeaz) lends some legitimacy, but the overall similarity and overlapping purpose lead to the conclusion that the package has suspicious intent. Risk level: High).",trio
pypi,timeparser,,false_positive,"Possible typosquat of dateparser Explanation: Both 'timeparser' and 'dateparser' have very similar naming with only a semantic substitution (time vs date) that could easily confuse users. The edit distance is minimal, making it an adversarial name that mimics 'dateparser'. There is no username prefix or suffix indicating a fork, and although both packages work with date/time parsing, their functionalities overlap significantly, suggesting that they do not serve distinct purposes. The metadata of 'timeparser' closely resembles that of 'dateparser', which raises suspicion; however, 'timeparser' does have a defined maintainer ('thomst') and a README, which prevents it from being marked as a test package or lacking documentation. Overall, the similarity in naming combined with overlapping functionality suggests potential typosquatting. Risk level: High).",dateparser
npm,fill-range,@types,false_positive,"Possible `scope confusion` typosquat of fill-range Explanation: The package '@types/fill-range' is using the standard @types scope which is typically used for type definitions and therefore represents a fork of the original 'fill-range'. Despite the legitimate purpose of @types packages in the ecosystem, the similar naming with a namespace added in front can still potentially deceive users. The edit distance of 7 and the mimic style (through scope augmentation) indicate an adversarial naming strategy. While the maintainers (['types']) are known in the community and typical for @types packages, the description ([object Object]) is suspiciously non-descriptive and might be interpreted as an attempt to mislead users. Hence, it does not have an obviously distinct purpose and displays several signs of potential deceptive intent. Risk level: High).",fill-range
npm,gulp-sass-newer,,false_positive,"Possible `simplification` typosquat of gulp-sass Explanation: The package 'gulp-sass-newer' appears to be a potential typosquat of 'gulp-sass' due to the similarity in names and the fact that the description of 'gulp-sass-newer' is a direct copy of 'gulp-sass'. The maintainer 'altmind' is not recognized as a known maintainer in the npm community, and there is no indication of a distinct purpose or intentional play on words. The description being a direct copy suggests it might be a suspicious package.",gulp-sass
pypi,wgstolest,,false_positive,"Possible typosquat of postgrest Explanation: The package name 'wgstolest' is very similar in structure to 'postgrest' (both are 9 characters long with many corresponding characters in the same positions, suggesting a minor transformation) and can easily confuse users. There is no indication that the name includes a username or other fork indicator, so it is not a fork. The similarity in names implies that 'wgstolest' may be an impersonation of 'postgrest', meaning that it does not have a distinct purpose. Additionally, the suspicious similarity in naming combined with its use in the PyPI ecosystem and the fact that its maintainers (['Romet']) are not recognized in relation to the legitimate package contribute to the assessment of suspicious intent. The package has a provided description, so no_readme is set to false, and there is no evidence that it is a relocated package. Risk level: High).",postgrest
npm,find-pkg-dir,,false_positive,Possible typosquat of pkg-dir,pkg-dir
npm,wzhuan-utils,,false_positive,"Possible `simplification` typosquat of utils Explanation: The name 'wzhuan-utils' is formed by simple prefix augmentation of the common package name 'utils', which can easily confuse users. The edit distance is 7, indicating only a minor modification, and the prefix 'wzhuan' might be interpreted as a user/organization name, but it mimics the original name closely. There is no README data in wzhuan-utils and the maintainer is just a single username, which further raises suspicion. Given these factors, the package looks like an obvious fork attempt (not offering a distinct purpose) with an adversarial name intended to mislead users. Risk level: High).",utils
npm,acolor,,false_positive,Possible typosquat of color,color
npm,altek-ui,,false_positive,"Possible typosquat of @alpinejs/ui Explanation: The package 'altek-ui' has a similar name structure to '@alpinejs/ui', with 'altek' being a potential typo or variation of 'alpine'. Both packages lack README data, making it difficult to determine their purpose or legitimacy. The maintainer 'heyheyjude' is not recognized as a known maintainer in the npm community, and the lack of namespace in 'altek-ui' adds to the suspicion. The similarity in name and lack of additional information suggest it could be a typosquat.",@alpinejs/ui
npm,eslint-config-ricepo-base,,false_positive,"Possible typosquat of eslint-config-twilio-base - Explanation: The package 'eslint-config-ricepo-base' has no README data, which is abnormal. The name 'ricepo' does not clearly indicate a distinct purpose or organization, and there is no evidence of it being a fork or test package. The lack of description and known maintainers increases suspicion of it being a typosquat.",eslint-config-twilio-base
npm,crf-ui,,false_positive,Possible typosquat of readline-ui,readline-ui
pypi,lingora,,false_positive,"Possible `1-step D-L dist` typosquat of lingua Explanation: The package name 'lingora' differs from 'lingua' by a single character, making it easily confuse users (homophonic/alternate spelling), which qualifies it as an adversarial name. Despite both packages operating in the language domain, their functions overlap closely enough to be considered imitation rather than offering a clearly distinct purpose. The naming, combined with similarity in subject matter, suggests deceptive intent. There is no indication that 'lingora' is a fork, and maintainership as well as a provided README further support this assessment, but the overall similarity in naming and intent raises suspicion. Risk level: High).",lingua
huggingface,ChrisWilson011016/5DyFEkqTWRoH4zEAQDmmKH5vLYk3u7QFcyfAhWawtx3nc6Gu_vgg,,false_positive,Possible typosquat of Chrisisis/5DyFEkqTWRoH4zEAQDmmKH5vLYk3u7QFcyfAhWawtx3nc6Gu_vgg,Chrisisis/5DyFEkqTWRoH4zEAQDmmKH5vLYk3u7QFcyfAhWawtx3nc6Gu_vgg
npm,eslint-config-vue,@damilaredev,false_positive,Possible typosquat of @antfu/eslint-config-vue,@antfu/eslint-config-vue
npm,gl-react-dom,@types,false_positive,"Possible typosquat of types-react-dom Explanation: The package '@types/gl-react-dom' uses a common namespace '@types/' which is typically used for TypeScript type definitions. However, the name 'gl-react-dom' is quite different from 'types-react-dom', and the description is abnormal, making it difficult to assess its purpose. The maintainers are not well-known, and the namespace does not clearly indicate a legitimate organization or user. These factors contribute to the suspicion of typosquatting.",types-react-dom
npm,icons,@peili-ui,false_positive,Possible typosquat of @material-ui/icons,@material-ui/icons
npm,ui,@flyde,false_positive,"Possible `scope confusion` typosquat of @alyle/ui Explanation: The package '@flyde/ui' mimics '@alyle/ui' with minor substitutions in the namespace ('flyde' vs 'alyle'), which falls into a pattern that might deceive users. There is no indication from the metadata or description that it is an official fork, nor does it have a distinct purpose. In addition, its lack of README data raises further concerns despite having a listed maintainer. Based solely on the package name similarity and the resulting potential for confusion, it is flagged as adversarial and suspicious.Package is adversarial and have similar purpose, so it's likely a typosquat.",@alyle/ui
npm,cocreate-dnd,,false_positive,"Possible typosquat of sortable-dnd Explanation: Both package names follow a similar pattern using the '-dnd' suffix. The prefix 'cocreate' in cocreate-dnd is a confusing variation compared to 'sortable' in sortable-dnd, and this slight modification is intended to mimic the well‐known package. There is no evidence (e.g. username affix) indicating that cocreate-dnd is a legitimate fork, and the subtle difference in naming can deceive users, which sets is_adversarial_name to true and obvious_not_typosquat to false. Although their high-level functionality (drag and drop) appears related, cocreate-dnd lacks a clear, detailed purpose (its description is vague and its README is missing), which makes it likely that it is attempting to ride on the reputation of sortable-dnd rather than offer distinct value. In addition, the maintainer ('hosseinalipour') is not a widely recognized maintainer in the npm ecosystem, and the overall presentation with a missing README is suspicious, thus raising concerns about potential typosquat intent. Risk level: High).",sortable-dnd
npm,eslint-config-webkom,,false_positive,Possible typosquat of eslint-config-custom,eslint-config-custom
pypi,up-test,,false_positive,"Possible typosquat of pytest Explanation: The package name 'up-test' closely mimics the well-known 'pytest' by rearranging and adding a prefix, making it potentially confusing for users. The similarity in naming indicates an adversarial transformation even though it does not follow the common username fork pattern, so it is not marked as a fork. The two packages do not serve distinct purposes given that pytest is a testing framework and up-test appears to be leveraging that recognition (as indicated by its minimalistic description 'first upload test'). Additionally, the maintainer of 'up-test' ('lanyexi') is not associated with the pytest community, further raising suspicion. Although 'up-test' has a description, it is very brief and does little to clarify a distinct purpose, contributing further to the determination that it has suspicious intent. Overall, the metrics consistently point toward a potential typosquat scenario. Risk level: High).",pytest
npm,mark-back0,,false_positive,"Possible typosquat of mark-twain Explanation: • obvious_not_typosquat: FALSE because mark-back0 has no meaningful description or documentation and no clear distinct purpose, making it suspicious rather than an obviously different package. • is_adversarial_name: FALSE because the names only share the prefix “mark-” but “back0” vs “twain” are dissimilar (high edit distance), so there’s low risk of simple typographical confusion. • is_fork: FALSE since there’s no user/org prefix or any indication that mark-back0 is a legitimate fork or variant of mark-twain. • has_distinct_purpose: FALSE because mark-back0 provides no functional description, so we can’t identify any genuine, different use case. • is_test: FALSE as there’s no mention of testing in the name or README. • is_known_maintainer: FALSE—‘oxjean’ is not a recognized maintainer in this context, and there’s no evidence of an established reputation. • no_readme: FALSE since a README exists (albeit minimal), so it isn’t entirely missing. • has_suspicious_intent: TRUE due to the absence of any documentation, description, or clear purpose—common indicators of a potentially malicious or goodwill-absent package. • is_relocated_package: FALSE; there’s no sign that this is a relocated or renamed official package. Risk level: High.",mark-twain
npm,utils,@cclr,false_positive,Possible typosquat of utils,utils
npm,api,@pixli,false_positive,Possible typosquat of api,api
npm,eslint-plugin-lwr,,false_positive,Possible typosquat of eslint-plugin-n,eslint-plugin-n
npm,custom-error-class,,false_positive,"Possible typosquat of create-error-class Explanation: The package name 'custom-error-class' closely resembles 'create-error-class' with a one-word substitution ('custom' vs 'create'), which constitutes a minor change that could deceive users. The names are almost identical in structure and intended use, and their descriptions demonstrate similar functionality for creating error classes. There is no indication that 'custom-error-class' is a fork (no username prefix/suffix) nor does it serve a distinct purpose from 'create-error-class'. Although the package has a README and clear documentation, the intentional mimicry of a well-known package coupled with the similar metadata raises concern. Additionally, the presence of a known maintainer ('mafintosh') does not mitigate the similarity in naming, so overall it is considered suspicious. Risk level: High).",create-error-class
npm,oms-moddle-xml,,false_positive,"Possible simplification typosquat of moddle-xml - Explanation: The package 'oms-moddle-xml' has a very similar name and description to 'moddle-xml', with only a prefix added. The description is almost identical, suggesting it might be a typosquat. The maintainer 'youthinxian' is not recognized as a known maintainer in the npm community, increasing suspicion.",moddle-xml
npm,autocomplete-core,,false_positive,Possible typosquat of @algolia/autocomplete-core,@algolia/autocomplete-core
npm,tween.js,,false_positive,"Possible typosquat of @tweenjs/tween.js Explanation: The unscoped package name 'tween.js' is almost identical to the legitimate scoped package '@tweenjs/tween.js' in both its naming and descriptive content. Dropping the official scope can easily mislead users into thinking it is the official release, which is an adversarial naming tactic (a known example of scope confusion/impersonation squatting). Although the package metadata is largely similar, the fact that 'tween.js' loses the official '@tweenjs' namespace makes it suspicious and renders it a potential typosquat. Furthermore, while the package maintainers (mikebolt and sole) are provided, they do not conclusively identify it as an official release. Thus, based solely on name and metadata, the package is flagged with adversarial naming and suspicious intent. Risk level: High).",@tweenjs/tween.js
npm,in-count-web3-every,,false_positive,"Possible typosquat of @ndhoule/every Explanation: The package name 'in-count-web3-every' closely mimics '@ndhoule/every' by retaining the key term 'every' while adding confusing prefixes ('in-count-web3-') that could deceive users. The additional elements do not represent a clear username or known fork indicator, and the naming transformation appears adversarial rather than a natural differentiation. Furthermore, the minimal README and lack of clear distinct purpose, combined with a maintainer that is not recognized as linked to the legitimate package, contribute to the assessment of suspicious intent. Therefore, it is not considered an obvious non-typosquat and raises concerns about its intent. Risk level: High).",@ndhoule/every
npm,expo,@knocklabs,false_positive,"Possible typosquat of sentry-expo - Explanation: The package '@knocklabs/expo' has a namespace while 'sentry-expo' does not, which can be indicative of a typosquat. The lack of description for '@knocklabs/expo' and the fact that 'sentry-expo' is deprecated adds to the suspicion. The maintainer 'cjbell' is not widely recognized, increasing the likelihood of it being suspicious.",sentry-expo
npm,eslint-plugin-ate,,false_positive,Possible typosquat of eslint-plugin-ava,eslint-plugin-ava
npm,is-boolean-object,@types,false_positive,"Possible `scope confusion` typosquat of is-boolean-object Explanation: @types/is-boolean-object is a scoped package that adds a namespace to the legitimate package is-boolean-object, which could confuse users. The '@types/' namespace is commonly used for TypeScript type definitions, indicating it is related but not a direct fork. The maintainers are known, which adds legitimacy, but the potential for confusion remains high.",is-boolean-object
npm,cap-cli,,false_positive,Possible typosquat of eas-cli,eas-cli
npm,breadcrumb,@altimex-ui,false_positive,Possible typosquat of @chakra-ui/breadcrumb,@chakra-ui/breadcrumb
npm,utils,@ruabick,false_positive,Possible typosquat of utils,utils
npm,merge-options,@dozerg,false_positive,"Possible scope confusion typosquat of merge-options - Explanation: The package '@dozerg/merge-options' uses a namespace that does not clearly indicate a known organization or user, and the maintainer 'wqqafnd' is not recognized as a known maintainer in the npm community. The package name is very similar to 'merge-options', which could potentially confuse users. The description does not indicate a distinct purpose or a test package, and there is no clear indication that it is a fork. Therefore, it appears suspicious.",merge-options
npm,log,@auto,false_positive,"Possible `scope confusion` typosquat of log Explanation: The package name '@auto/log' mirrors the legitimate 'log' by adding a namespaced prefix that can mislead users despite its higher edit distance. The use of '@auto' as a namespace is not known to be associated with the original 'log' maintainers, and its metadata (lack of README) raises suspicion. In addition, the package appears to be a fork of 'log' without offering a distinct purpose, and based solely on the name, it can be considered adversarial. Therefore, it meets the criteria for potential typosquatting with suspicious intent. Risk level: High).",log
npm,filigran-ui,,false_positive,"Possible typosquat of @alpinejs/ui Explanation: The package name 'filigran-ui' closely mimics the legitimate '@alpinejs/ui' by retaining the '-ui' suffix and using a similar sounding root ('filigran' vs 'alpinejs'). Based solely on the name analysis, the change is minimal enough to confuse users, classifying it as an adversarial name. Its naming pattern also indicates a fork attempt of the original package. There is no indication from the name that it serves a distinct purpose, and there is no evidence that the package is meant for testing. The maintainer's username ('jpkha-filigran') does not match known trusted maintainers for '@alpinejs/ui'. Additionally, the description is minimally descriptive, adding to the suspicious intent. Therefore, the package is marked as a potential typosquat with adversarial intent. Risk level: High).",@alpinejs/ui
npm,forms,@types,false_positive,"Possible typosquat of types Explanation: The package '@types/forms' uses a common namespace '@types/' which is typically used for TypeScript type definitions. However, the description is abnormal, and the legitimate package 'types' lacks a README, making it difficult to determine the relationship. The namespace '@types/' is not inherently suspicious, but the lack of clear information and the abnormal description suggest potential typosquatting.",types
nuget,nforza.cyrus.typedids,,false_positive,"Possible typosquat of fastids.typeid Explanation: The package name 'nforza.cyrus.typedids' closely mimics 'fastids.typeid' by retaining the core 'typeid/typedids' element while adding an extra namespace that appears to be a user or organization name ('nforza.cyrus'). This sort of prefix augmentation can be deceptive to users, categorizing it as an adversarial name. In addition, the inclusion of a user's name as a prefix signals that it is a fork rather than an independently conceived package with a distinct purpose, leading to a conclusion of is_fork = true and has_distinct_purpose = false. The maintained username 'NForza' is considered legitimate for the nuget ecosystem, hence is_known_maintainer is true. There is no indication that this package is meant for testing (is_test = false) and a README or description exists (no_readme = false). Overall, the similarities in the package name suggest an intentional mimic, leading to obvious_not_typosquat being set to false and has_suspicious_intent being true. Risk level: High).",fastids.typeid
npm,zafrul-lib,,false_positive,"Possible typosquat of cspell-lib Explanation: The package name 'zafrul-lib' closely mimics 'cspell-lib' with a moderate edit distance, and the structure (using a '-lib' suffix) could confuse users. There is no indication that it is an official fork (no explicit username or fork indicator), and the maintainer 'zafrul75' does not appear to be affiliated with the legitimate package's community. Additionally, the lack of README data is suspicious. While there is no separate malicious description, the name similarity and missing documentation combine to suggest adversarial intent. Risk level: High).",cspell-lib
npm,tria-sdk-core,,false_positive,Possible typosquat of @multiversx/sdk-core,@multiversx/sdk-core
npm,ng-form-factory,,false_positive,"Possible typosquat of @ngx-formly/core Explanation: The package name 'ng-form-factory' uses similar components as the legitimate package '@ngx-formly/core' (both refer to Angular forms) and its structure (with 'ng' and a form related suffix) can easily confuse users, indicating an adversarial naming intent. There is no evidence such as a user-named prefix that would mark it as a fork, and the description for both packages points to handling Angular forms without a clear distinct purpose between them. With only one maintainer ('grandschtroumpf') not known to be associated with the legitimate package, and the similar naming and limited description details, 'ng-form-factory' appears to intentionally mimic '@ngx-formly/core', thus it is considered suspicious (not obvious not typosquat) and not a relocated package. The package does include what appears to be README content, so 'no_readme' is false. Risk level: High).",@ngx-formly/core
npm,is-string,@jsmicro,false_positive,Possible typosquat of is-string,is-string
npm,ag-bundle,,false_positive,"Possible typosquat of ag-channel - Explanation: The package 'ag-bundle' has no README data, which is abnormal, and the name is not sufficiently distinct from 'ag-channel'. The maintainer 'fangxqadmin' is not recognized as a known maintainer in the npm community, increasing suspicion. The lack of description and the similarity in naming suggest it could be a typosquat.",ag-channel
npm,eslint-plugin-chameleon,,false_positive,"Possible simplification typosquat of eslint-plugin - Explanation: The package 'eslint-plugin-chameleon' has a description that is a copy of 'eslint-plugin-vue', which is unrelated to 'eslint-plugin'. The name 'eslint-plugin-chameleon' does not suggest a distinct purpose or intentional play on words related to 'eslint-plugin'. The maintainer 'jianglinghao' is not recognized as a known maintainer in the npm community. The description being a copy of another unrelated package makes it highly suspicious.",eslint-plugin
pypi,deepseek-client,,false_positive,"Possible typosquat of deebot-client Explanation: The package name 'deepseek-client' is extremely similar to 'deebot-client', with only minor letter differences that could easily confuse users. This similarity qualifies it as an adversarial name. It does not include a username prefix/suffix that would mark it as a fork, and there is no evidence of it serving a distinct purpose from the legitimate package. Additionally, the maintainers for 'deepseek-client' (['dsvolk']) do not match the established maintainers of 'deebot-client'. The lack of a proper README or detailed description increases the suspicion of typosquatting, leading to the overall assessment. Risk level: High).",deebot-client
npm,cornify,,false_positive,"Possible 1-step D-L dist typosquat of currify - Explanation: The package 'cornify' has no README data, which is abnormal. The name 'cornify' is similar to 'currify' with minor character changes, which could confuse users. The maintainer 'drgath' is not recognized as a known maintainer in the npm community, and there is no indication of a distinct purpose or intentional play on words. These factors make 'cornify' appear suspicious.",currify
npm,cspell-dict-de-de,,false_positive,Possible typosquat of @cspell/dict-de-de,@cspell/dict-de-de
npm,simpli-ai-assistant-ui,,false_positive,"Possible typosquat of @sista/ai-assistant-react Explanation: The two package names share a significant portion of their semantic elements ('ai-assistant') which can lead to user confusion. The difference between 'simpli' and 'sista' seems like an intentional mimicry through minor alterations. The suffixes '-ui' and '-react' further raise suspicion since both packages provide similar React-based AI assistant components. The naming does not indicate a fork (no username-based prefix/suffix) and the maintainers of simpli-ai-assistant-ui are not known for the legitimate package. Given these factors, the package name is adversarial and the packages do not serve distinct purposes, indicating a suspicious intent. Risk level: High).",@sista/ai-assistant-react
npm,react-checkbox,,false_positive,Possible typosquat of @fluentui/react-checkbox,@fluentui/react-checkbox
pypi,oren-v1-pack,,false_positive,"Possible typosquat of venv-pack Explanation: The package name 'oren-v1-pack' closely mimics the structure of 'venv-pack' by using a similar suffix (“-v1-pack” vs “-pack”) and substituting letters in a way that could confuse users. This pattern of minor character changes and numerical insertion fits adversarial naming tactics. There is no indication that the extra prefix comes from a known fork (e.g. including an explicit username), so it is not marked as a fork. The minimal description 'oren_first_pack' does not clearly define a different purpose apart from what 'venv-pack' provides. Moreover, despite having a legitimate maintainer ('Gutman'), the similarity in naming and the potential for user deception trigger the flagged suspicions. Therefore, we set obvious_not_typosquat as false, is_adversarial_name and has_suspicious_intent as true, and has_distinct_purpose as false. Risk level: High).",venv-pack
npm,beat-earn-web3-duty,,false_positive,"Possible typosquat of means-among-web3-burn Explanation: The package name 'beat-earn-web3-duty' mirrors the structure of 'means-among-web3-burn' (both contain the 'web3' segment and similarly structured hyphen-separated words) in a way that could mislead users. Based solely on the name, the adversarial similarity (with substitutions in the non-core segments) indicates an intent to imitate, so the name is considered adversarial. There is no clear username or organizational prefix/suffix that would mark it as a fork, and both packages do not appear to have distinct purposes given the similarity in name structure. The description is minimal and does not offer a distinct purpose, and the single maintainer 'tleaoo' is not recognized as a known maintainer for the legitimate package. Although a README is present, its content is trivial. Overall, these factors point to suspicious intent rather than an obviously benign, unrelated package. Risk level: High).",means-among-web3-burn
npm,assert,@notdutzi,false_positive,Possible typosquat of assert,assert
npm,basic,@certd,false_positive,Possible typosquat of @platformatic/basic,@platformatic/basic
npm,discord.js-setup,,false_positive,Possible typosquat of discord.js,discord.js
npm,which-typed-array,@nolyfill,false_positive,Possible typosquat of which-typed-array,which-typed-array
npm,web-live-sdk,,false_positive,"Possible typosquat of @square/web-sdk Explanation: The package 'web-live-sdk' is described as a 'security holding package', which often indicates a placeholder to prevent typosquatting. The name is similar enough to '@square/web-sdk' to potentially confuse users, especially since both involve 'web' and 'sdk'. There is no indication of a distinct purpose, intentional play on words, or known maintainers, making it likely a typosquat.",@square/web-sdk
pypi,ptipython,,false_positive,"Possible `1-step D-L dist` typosquat of ptpython Explanation: The package name 'ptipython' is only one character different from 'ptpython', which is a typical typo pattern or mimic. The similarity is deceptive, and since it is meant to install ptpython (and ipython) as described, it appears to impersonate the original functionality rather than offering a distinct purpose, which makes it suspicious. There is no indication of it being a fork (e.g., no username or official namespace) and the maintainer 'tuxtimo' is not recognized as an official representative of the legitimate package. The package does include a README, so no_readme is false. Overall, the minimal difference in the package name combined with the deceptive description results in a highly suspicious package with adversarial intent. Risk level: High).",ptpython
gem,tamalw-crack,,false_positive,"Possible typosquat of cartage-rack Explanation: Although the two packages serve very different purposes—the legitimate 'cartage-rack' is a Rack application plugin for release metadata while 'tamalw-crack' offers simple JSON and XML parsing—the package name 'tamalw-crack' appears to be an adversarial mimic of 'cartage-rack'. The substitution of 'rack' with 'crack' is a minor character change that could be intended to deceive users. Moreover, the naming pattern is deliberately similar and adversarial even though the underlying functionalities are distinct. Due to the high similarity in name and the potential for user confusion, the package is flagged as obvious typosquat (obvious_not_typosquat = false) with an adversarial name and suspicious intent. However, because it lacks explicit fork indicators and its maintainer (jnunemaker) is known in the Ruby community, it is not considered a fork, and the distinct purpose metric is set to false in this context since the mimicry appears intentional rather than a genuine alternate implementation. Risk level: High).",cartage-rack
pypi,acryl-datahub-cloud,,false_positive,"Possible `simplification` typosquat of acryl-datahub Explanation: The package 'acryl-datahub-cloud' lacks a description and maintainers, which makes it suspicious. The name suggests it could be related to 'acryl-datahub' but without additional context or metadata, it is difficult to determine its purpose or legitimacy. The addition of '-cloud' could imply a variation or extension, but without further information, it appears potentially misleading.",acryl-datahub
npm,icons,@fle-ui,false_positive,Possible typosquat of @material-ui/icons,@material-ui/icons
npm,qimagemagick,,false_positive,Possible typosquat of imagemagick,imagemagick
npm,object-is,@nolyfill,false_positive,Possible typosquat of object-is,object-is
npm,eslint-config-vue,@fanv,false_positive,Possible typosquat of @antfu/eslint-config-vue,@antfu/eslint-config-vue
npm,json-schema-to-joi,,false_positive,"Possible `1-step D-L dist` typosquat of json-schema-to-zod Explanation: The package names are very similar (edit distance of 2), and the adversarial substitution of 'zod' with 'joi' is a known tactic for confusing users. The metadata and README indicate that json-schema-to-joi is a fork of json-schema-to-zod rather than offering a distinct functionality. Although the names could potentially deceive users, the package does not exhibit malicious intent per its description, making it a fork rather than an outright typosquat with suspicious intent. The maintainers’ identity ('ufonion') is not clearly established as a known maintainer, but this factor alone does not trigger typosquat suspicion given the context. Risk level: Medium).",json-schema-to-zod
npm,mongodb-paginate,,false_positive,"Possible `simplification` typosquat of mongodb Explanation: The package name 'mongodb-paginate' is similar to 'mongodb' but includes a suffix that indicates a specific functionality, which could confuse users. The edit distance is low, making it adversarial. The purpose of 'mongodb-paginate' is distinct from 'mongodb', focusing on pagination, which further supports the suspicion. The maintainers are known, which reduces suspicion slightly, but the overall context suggests it could be misleading.",mongodb
npm,react-selectrix,,false_positive,"Possible `simplification` typosquat of react-select Explanation: The package name 'react-selectrix' is very similar to the legitimate 'react-select', differing only by the additional suffix 'rix'. This naming is likely meant to deceive users into believing it is related to or a fork of 'react-select', making it an adversarial name. There is no indication that the additional part represents a legitimate fork (e.g., a user or organization mention), and the package’s functionality and description closely mimic that of 'react-select', implying the intent is not to offer a distinct purpose. Moreover, the package maintainers are not recognized as legitimate maintainers of 'react-select', reinforcing the suspicion. The package contains a README, so no_readme is false, and it is not a relocated package. Overall, the metrics suggest that 'react-selectrix' appears to be a typosquat with suspicious intent. Risk level: High).",react-select
npm,error-utils,,false_positive,"Possible typosquat of @vercel/error-utils Explanation: The package name 'error-utils' is nearly identical to '@vercel/error-utils' aside from the omission of the '@vercel' scope. This minor modification is a typical tactic in typosquatting (scope confusion and compound squatting) aimed at deceiving users. Furthermore, the functionality described in the README appears to mirror that of the official package without offering any distinct value or specialized features, making it look like a fork rather than a legitimate independent project. Additionally, the maintainers differ, and the metadata closely mimics the original, all of which reinforces the likelihood of an adversarial and suspicious intent. Risk level: High).",@vercel/error-utils
npm,is-shared-array-buffer,@nolyfill,false_positive,Possible typosquat of is-shared-array-buffer,is-shared-array-buffer
npm,base-sdk,@heliosphere,false_positive,"Possible typosquat of sdk-base Explanation: The scoped name '@heliosphere/base-sdk' is easily confused with 'sdk-base' due to the same keywords in reversed order and no clear differentiators, making it adversarial. There’s no readme or documentation to establish a distinct purpose, and maintainers are not known figures in the ecosystem. The functionality described is essentially the same base SDK concept, so it does not serve a clearly different use case or indicate a legitimate fork. The lack of documentation and suspicious naming alignment with a popular package strongly suggest potential malicious intent, so it should not be considered obviously safe. Risk level: High.",sdk-base
npm,gummy-cli,,false_positive,"Possible typosquat of cli Explanation: The name 'gummy-cli' is constructed by prefixing 'gummy-' to the legitimate package name 'cli'. This prefix augmentation is a common typosquatting technique and introduces ambiguity, making it potentially deceptive. Additionally, the package’s lack of a README and absence of known maintainers further raise suspicion. While the package name mimics 'cli' closely, its extra component suggests it is not a legitimately distinct tool but rather an intentional fork aimed at confusing users. Risk level: High).",cli
npm,es-iterator-helpers,@nolyfill,false_positive,Possible typosquat of es-iterator-helpers,es-iterator-helpers
npm,eslint-config-neon,,false_positive,"Possible `1-step D-L dist` typosquat of eslint-config-next Explanation: The package name 'eslint-config-neon' is very similar to 'eslint-config-next' (edit distance of 2), which suggests an intentional mimic. The similarities in both name and description ('The ultimate ESLint shareable config' versus 'ESLint configuration used by Next.js') can easily deceive users. The package does not include a username indicating it is a fork, and the maintainer ('crawl') does not appear to be a known maintainer from the legitimate package. Therefore, the name is adversarial with suspicious intent. Risk level: High).",eslint-config-next
npm,react-seo-breadcrumb,,false_positive,"Possible typosquat of @react-aria/breadcrumbs Explanation: The package 'react-seo-breadcrumb' lacks a README and has a name that could confuse users looking for '@react-aria/breadcrumbs'. The maintainer 'neel204' is not widely recognized, and the absence of a description makes it difficult to determine its purpose. The name similarity and lack of information make it suspicious.",@react-aria/breadcrumbs
pypi,dexonlineparser,,false_positive,"Possible typosquat of doxmlparser Explanation: The package name 'DexonlineParser' is very similar to 'doxmlparser' because both include the term 'Parser' and the prefixes 'Dexonline' and 'doxml' are close enough to be potentially confusing. The modification seems to be a 1-step substitution or augmentation, making it an adversarial name. There is no indication that 'DexonlineParser' is a fork (it does not include a user identifier in a prefix or suffix) and its purpose appears to imitate that of 'doxmlparser' rather than providing distinct functionality. Although the maintainer list (['ericbodhi']) suggests some legitimacy, the name and the similar, simplistic README raise suspicion about its intent. It does have a README, so no_readme is false, and there is no indication that it is a relocated package. Risk level: High).",doxmlparser
npm,is-typed-array,@nolyfill,false_positive,Possible typosquat of is-typed-array,is-typed-array
npm,utils,@dodoex,false_positive,Possible typosquat of utils,utils
npm,vostok-auth-refresh,,false_positive,"Possible typosquat of axios-auth-refresh Explanation: The package 'vostok-auth-refresh' has no README data, which is abnormal. The name 'vostok-auth-refresh' does not closely resemble 'axios-auth-refresh', but the lack of description and the absence of known maintainers make it suspicious. The maintainer 'mtnp' is not recognized as a known maintainer in the npm community, and there is no indication of a distinct purpose or intentional play on words. The namespace does not provide any context to suggest legitimacy.",axios-auth-refresh
pypi,furechan,,false_positive,"Possible typosquat of torchao Explanation: The package name 'furechan' closely mirrors 'torchao' in its structure by sharing a similar ending, suggesting an intentional mimicry designed to confuse users. The names differ only by a minor prefix substitution, which qualifies as an adversarial name. There is no username or clear fork indicator in the name, so it is not considered a fork. Given the similarity in naming and the omission of a README/description for 'furechan' (in contrast to the detailed description of 'torchao'), it appears that 'furechan' lacks evidence of a distinct purpose, and its metadata is suspicious. Additionally, the maintainers of 'furechan' are not recognized as known maintainers in the ecosystem. Therefore, overall, the metrics indicate that 'furechan' is a potential typosquat with suspicious intent. Risk level: High).",torchao
npm,usaa-wdio-utils,,false_positive,Possible typosquat of @mantine/utils,@mantine/utils
maven,jaul,com.github.antonsjava,false_positive,"Possible `1-step D-L dist` typosquat of io.github.antonsjava:jaul Explanation: The package 'com.github.antonsjava:jaul' has a namespace that closely mimics 'io.github.antonsjava:jaul', with only a minor change from 'io' to 'com'. The descriptions are identical, and there are no known maintainers, making it likely a typosquat.",io.github.antonsjava:jaul
npm,opoa,,false_positive,"Possible typosquat of open Explanation: The package name 'opoa' differs from the legitimate 'open' by only one character substitution, making it very similar and able to confuse users. This qualifies it as an adversarial name. Although the description of 'opoa' appears to be an example package, its overall functionality does not match the purpose of 'open' (which is about opening URLs, files, executables, etc.), implying it does not serve a distinct purpose from 'open'. There is no username-based prefix or suffix that would indicate a fork, and its maintainers (['jindw']) are legitimate enough in the community. However, given the minimal alteration in the name and the potential for user confusion, the package shows suspicious intent. The package also provides a README, so no_readme is false, and there is no evidence that it is a relocated package. Risk level: High).",open
npm,js-svg-path,,false_positive,"Possible `homographic replacement` typosquat of is-svg-path Explanation: The package name 'js-svg-path' is very similar to 'is-svg-path', differing only by a substitution of the prefix (js vs. is) which can easily mislead users into believing they are related. This similarity qualifies it as an adversarial name. There is no indicator (like a username in the package name) to suggest that 'js-svg-path' is a legitimate fork; therefore, it is not considered a fork. The intended functionality appears to overlap significantly, as both packages deal with SVG path processing though one parses into an object and the other detects valid SVG paths. Despite this difference, the similarity in purpose reduces the distinct purpose flag. Additionally, the package maintainer ('pomax') is a known maintainer in the community, and there is a README present. However, the close imitation of metadata and functionality raises concerns about suspicious intent. Finally, there is no known relocation between these packages. Risk level: High).",is-svg-path
npm,dotignore,@ashejuniper,false_positive,"Possible typosquat of parse-gitignore Explanation: Both packages address the .gitignore use case—one by parsing the file and the other by matching ignore rules—so their functionality overlaps considerably. The naming of '@ashejuniper/dotignore' (with its namespace prefix) is very similar in intent to 'parse-gitignore' and could mislead users into believing they are related. Since the domain and behavior are nearly the same, the intentional mimicry causes us to set obvious_not_typosquat to false and the name as adversarial. However, as '@ashejuniper/dotignore' includes a clear namespace that represents an actual username (ashejuniper) and does not simply append a confusing suffix but rather looks like a personalized variant rather than an endorsed fork, it is not considered a fork. Additionally, because the two packages serve almost identical purposes without a clearly distinct value proposition, we mark has_distinct_purpose as false. The package is not meant for testing, maintains an identifiable maintainer, includes a README, and there is no indication of a relocated package. Overall, the close similarity in functionality combined with the naming strategy suggests suspicious intent. Risk level: High).",parse-gitignore
npm,xoj,,false_positive,"Possible typosquat of bfj Explanation: The package name 'xoj' is very similar to 'bfj' – both are three-letter names with two letters differing by substitution, which fits common typosquat patterns. There is no indication that 'xoj' is a fork (no explicit forking information or user/description stating it is related), nor does it have an obvious distinct purpose from 'bfj'. Even though its only maintainer is 'configurator' (a potentially legitimate npm user), the close similarity in name makes it potentially confusing. Thus, based solely on the name similarity, 'xoj' appears to be an adversarial name and is flagged as suspicious.Package is adversarial and have similar purpose, so it's likely a typosquat.",bfj
npm,ngf-bootstrap,,false_positive,"Possible `1-step D-L dist` typosquat of ngx-bootstrap Explanation: The package name 'ngf-bootstrap' is extremely similar to 'ngx-bootstrap', differing only in one character, which could easily lead to confusion among users. Based solely on the name, this is clearly an adversarial attempt to mimic the legitimate package. The package does not include a username or organizational namespace that would be typical of a fork or a separate legitimate project, and its purpose appears to target a similar functionality with only a minor modification (customizing bootstrap for an Angular Fundamentals course). The maintainers are not recognized as known maintainers of the legitimate package, and though the package includes a README, the overall similarity in naming and overlapping description indicate suspicious intent rather than a distinct purposeful project. Therefore, the metrics have been set to indicate that it is a typosquat with suspicious intent. Risk level: High).",ngx-bootstrap
npm,icons,@uspk-ui,false_positive,Possible typosquat of @material-ui/icons,@material-ui/icons
npm,totology-components,,false_positive,Possible typosquat of styled-components,styled-components
npm,editor,@ones-editor,false_positive,Possible typosquat of @wangeditor/editor,@wangeditor/editor
npm,utils,@darkpos,false_positive,Possible typosquat of utils,utils
npm,environment,@holographxyz,false_positive,"Possible typosquat of host-environment Explanation: The package '@holographxyz/environment' closely mimics the legitimate package 'host-environment' in both name and functionality. The use of a similar descriptor ('environment') within the scope '@holographxyz' compared to the non-namespaced 'host-environment' can deceive users, satisfying the adversarial name criteria. The similarity in intended functionality (as evidenced by nearly identical descriptions) makes its purpose non-distinct, hence it is not viewed as a fork. The scope (organizational namespace) does not match the known group behind the legitimate package (@jsdevtools) and the listed maintainers are not associated with the legitimate project. There is sufficient metadata (description/README) provided, so no_readme is false. Overall, the mimicry in package naming and metadata indicates suspicious intent. Risk level: High).",host-environment
pypi,beam-client,,false_positive,Possible typosquat of apache-beam,apache-beam
npm,bun,@types,false_positive,Possible typosquat of bun-types,bun-types
npm,skeleton,@nkey-ui,false_positive,Possible typosquat of @chakra-ui/skeleton,@chakra-ui/skeleton
npm,konami-codes,@arsams,false_positive,"Possible typosquat of react-konami-code Explanation: The package '@arsams/konami-codes' is very similar to 'react-konami-code', differing only by a namespace and a pluralization, which can easily deceive users. The use of a scoped name (@arsams) hints at a fork (username in scope) despite the similar functionality, and there is no indication of a distinct purpose between them. The package is not merely a test package, and its README is provided. However, the combination of a name that closely mimics the legitimate package and the similar description suggests suspicious intent, thus the metrics have been set accordingly. Risk level: High).",react-konami-code
npm,hic-alias,@kollorg,false_positive,Possible typosquat of @rollup/plugin-alias,@rollup/plugin-alias
npm,gome-js-beautify,,false_positive,"Possible `simplification` typosquat of js-beautify Explanation: The package name 'gome-js-beautify' is very similar to 'js-beautify' with an added 'gome-' prefix, which can easily confuse users as a deceptive mimic. The overall functionality described does not diverge from the legitimate package, and there is no indication that it is a fork or testing package. The maintained identifier does not appear to be a recognized maintainer in the community. Thus, based solely on the package name and metadata, the package is deemed suspicious and adversarial.Package is adversarial and have similar purpose, so it's likely a typosquat.",js-beautify
npm,preview,@symbo.ls,false_positive,Possible typosquat of @storybook/preview,@storybook/preview
npm,switcher,@rescui,false_positive,Possible typosquat of @smui/switch,@smui/switch
pypi,moose-lib,,false_positive,"Possible typosquat of lib - Explanation: The package 'moose-lib' has no description and maintainers, making it difficult to determine its purpose or legitimacy. The name 'moose-lib' does not appear to be a minor variation of 'lib', but without additional context, it could be misleading. The lack of description and maintainers increases suspicion.",lib
npm,vue-virtual-collection,,false_positive,"Possible typosquat of vue-virtual-scroller Explanation: The package name ‘vue-virtual-collection’ is extremely similar to ‘vue-virtual-scroller’, differing only in the core noun. This small modification can easily confuse users since both packages address similar use cases in virtualizing large data collections. The similarity in naming is adversarial in nature and appears intended to mimic the legitimate package. There is no indication that the package is a fork (e.g. no username-based prefix/suffix) and it does not serve a distinct purpose from the legitimate package. Furthermore, the package includes a full README, and its maintainer ('starkwang') is a recognizable identity in the ecosystem, thus not a sign of an experimental or testing package. Considering these factors, the package shows clear signs of suspicious intent. Risk level: High).",vue-virtual-scroller
npm,mongodb,@mikro-orm,false_positive,"Possible typosquat of mikro-orm Explanation: The package '@mikro-orm/mongodb' uses a namespace that mimics the legitimate 'mikro-orm' package, and it augments the original package name with a suffix indicating a database type. This namespace augmentation and minor modification are designed to evoke user familiarity with 'mikro-orm', while in fact it is a fork. The metadata (description) is nearly identical to that of the legitimate package, which raises suspicions that the package could confuse users. Furthermore, its maintainer data is limited and does not show known affiliation with the primary project, supporting the possibility of typosquatting. Risk level: High).",mikro-orm
npm,core,@forml,false_positive,"Possible `scope confusion` typosquat of @formily/core Explanation: The package '@forml/core' is very similar to '@formily/core', differing by only one character. The namespace '@forml' does not clearly indicate a known organization or user, and the maintainer 'fauxsoup' is not recognized as a known maintainer in the npm community. The description of '@forml/core' is generic and does not provide enough distinction from '@formily/core'. These factors suggest it could be a typosquat.",@formily/core
npm,react-bootstrap-buttons,,false_positive,"Possible `simplification` typosquat of react-bootstrap Explanation: The package name 'react-bootstrap-buttons' is similar to 'react-bootstrap' and could potentially deceive users due to its minor modification. It is considered an adversarial name because it adds a suffix that could confuse users. The maintainers are known, which reduces suspicion, but the name suggests it is a fork of 'react-bootstrap' rather than a completely distinct package. The purpose appears similar, and the lack of a clear distinct purpose raises suspicion.",react-bootstrap
npm,inquirer-file-path,,false_positive,"Possible typosquat of inquirer-file-selector Explanation: Both package names follow the pattern “inquirer-file-<suffix>” and differ only in the final component ('path' vs 'selector'). This minor modification in the name can easily confuse users, indicating an adversarial resemblance. There is no indication that inquirer-file-path is a fork (no username or related namespace) and the functionalities described are almost identical, suggesting they do not have distinct purposes. The description and README are very similar as well, which reinforces the suspicion that inquirer-file-path might be mimicking inquirer-file-selector. Additionally, the maintainers of inquirer-file-path do not appear to be previously associated with the legitimate package, so we mark is_known_maintainer as false. Since a README is provided, no_readme is false, and there is no evidence of the package being intended for testing or being a relocated package. Risk level: High).",inquirer-file-selector
npm,semi-json-viewer-core,@douyinfe,false_positive,"Possible typosquat of react-json-viewer-cool Explanation: The two package names share the key substring 'json-viewer' with similar hyphenation and structure. Although the legitimate package name starts with 'react' and ends with 'cool', the suspicious package '@douyinfe/semi-json-viewer-core' uses a different namespace and different adjectives ('semi' vs 'react', 'core' vs 'cool'), yet these differences are minor enough to potentially confuse users. The use of an organizational scope does not fully allay suspicion since the naming pattern seems intended to mimic the legitimate package. Moreover, the missing README in the suspicious package adds to the potential for deceptive intent. The name does not indicate an obvious fork (there is no clear user or direct naming relation) and the maintained list is robust, which suggests the package is from an established group; however, the similar naming and metadata implicate adversarial intent. Therefore, we mark obvious_not_typosquat as false, is_adversarial_name as true, has_distinct_purpose as false, and signal suspicious intent overall. Risk level: High).",react-json-viewer-cool
pypi,zaide,,false_positive,"Possible `1-step D-L dist` typosquat of baize Explanation: The package name 'zaide' is highly similar to 'baize' differing by a small substitution and slight reordering, which qualifies it as an adversarial name. There is no indication that it uses a legitimately recognized namespace or user identifier that would suggest a proper fork; however, based on the provided criteria it appears to be crafted as a fork of 'baize'. Its description ('A useless model') is starkly different from the robust description of 'baize', and does not indicate a distinct purpose. Furthermore, the minimal and deceptive metadata in 'zaide' raises suspicion of typosquatting intent. Risk level: High).",baize
npm,nestjs-base,,false_positive,"Possible `simplification` typosquat of base Explanation: The package name 'nestjs-base' uses a prefix augmentation ('nestjs-') that mirrors the legitimate package 'Base' and could confuse users, making it look adversarial. There is no clear indication it is a fork (no explicit fork notation or description), nor is there evidence that it has a distinct purpose or is used for testing. Additionally, the lack of README data and the isolated maintainer ('zhaojintian') raise the level of suspicion despite the absence of further metadata.Package is adversarial and have similar purpose, so it's likely a typosquat.",base
npm,eslint-plugin-udemy,,false_positive,Possible typosquat of eslint-plugin-es,eslint-plugin-es
npm,ngx-dropfiles,,false_positive,"Possible typosquat of ngx-dropzone Explanation: The package name 'ngx-dropfiles' is very similar to 'ngx-dropzone', differing only by the substitution of 'zone' with 'files'. This similarity is enough to be considered an adversarial name, as it can easily confuse users. Both packages serve a similar purpose of providing drag-and-drop file functionality for Angular applications, so they do not have distinct purposes. There is no evidence that 'ngx-dropfiles' is a fork (no username or clear affiliation in the name) and it is not a test package. Although it has a proper README, its description closely mimics that of 'ngx-dropzone', raising suspicion for potential deceptive intent. Furthermore, the maintainer 'edezacas' does not indicate affiliation with the known team behind 'ngx-dropzone'. There is no relocation aspect observed. Risk level: High).",ngx-dropzone
npm,ngx-mat-timepicker,@auronet.timepicker,false_positive,"Possible `scope confusion` typosquat of ngx-mat-timepicker Explanation: The package '@auronet.timepicker/ngx-mat-timepicker' uses a namespace prefix that closely mimics the legitimate package name 'ngx-mat-timepicker' and thus can easily deceive users into thinking it is associated with the original. Its name, being a scoped version that simply appends a namespace, qualifies as an adversarial or fork package rather than one with a distinct purpose. The metadata and description are almost identical to the original package, which further raises suspicion regarding its intent. Although it has a readme and is not a test package, the namespace and identical content indicate it is likely an intentional impersonation, making it suspicious. Risk level: High).",ngx-mat-timepicker
pypi,docrepr,,false_positive,"Possible `1-step D-L dist` typosquat of docrep Explanation: Both package names are extremely similar with a one-character difference, which is a classic pattern for an adversarial name. Since the alteration can easily mislead users into confusing docrepr with the established docrep, is_adversarial_name is set to true. There is no username or clear fork pattern, so is_fork remains false. Although the two packages work with docstrings, the description of docrepr indicates that it focuses on rendering docstrings to rich HTML while docrep emphasizes the reuse of docstrings – suggesting that they do not have a distinct functional purpose from each other; hence, has_distinct_purpose is false. The package does not appear to be intended for testing, and its maintainers are recognized members of the PyPI community (making is_known_maintainer true), and there is a proper README. However, given the overwhelming similarity in the package names paired with description cues hinting at an imitation of the legitimate project, has_suspicious_intent is true. There is also no evidence of a relocation. Risk level: High).",docrep
npm,pontx-ui,,false_positive,"Possible typosquat of @medusajs/ui - Explanation: The package 'pontx-ui' has no README data, which is abnormal, and the maintainer 'hzongquan' is not recognized as a known maintainer in the npm community. The package name 'pontx-ui' is not substantially different from '@medusajs/ui', and there is no clear indication of a distinct purpose or intentional play on words. The lack of information and similarity in naming makes it suspicious.",@medusajs/ui
pypi,azmusicapi,,false_positive,"Possible `1-step D-L dist` typosquat of ytmusicapi Explanation: AZMusicAPI has an intentionally similar naming pattern to ytmusicapi despite an edit distance of 6, leveraging case and character substitution that could confuse users. The metadata and description are almost identical in function to the legitimate package, suggesting it is a fork and not a distinct, innovative project. The adversarial construction of the name and mismatched or unrecognized maintainer (zenglk versus the known maintainers of ytmusicapi) further indicates suspicious intent. Risk level: High).",ytmusicapi
gem,webspec,,false_positive,"Possible `1-step D-L dist` typosquat of respec Explanation: The package name 'webspec' is very similar to 'respec' with a low edit distance of 2 and uses a name that could deceive users by mimicking the legitimate package. Despite having maintainers known in the community, the similarity in name and the closely related description ('Report rspec results to webspec' vs. 'Rerun failing RSpec examples easily.') suggest adversarial intent rather than an obvious fork. There is no evidence of a distinct purpose or obvious test package intent, and the naming does not include a username that would indicate a fork. Based on just the name similarity and metadata, this package appears to be a typosquat with suspicious intent. Risk level: High).",respec
npm,flive-ui,,false_positive,"Possible `1-step D-L dist` typosquat of naive-ui Explanation: The package name 'flive-ui' is only one character different from 'naive-ui', making the names extremely similar and easily confusing, which meets adversarial name criteria. Both packages serve as UI component libraries without clearly distinct purposes. There is no user or organizational prefix/suffix in 'flive-ui' that would indicate it is a fork. The maintainers of flive-ui are established developers in the npm community, and the package includes a README, so it is not considered a test or relocated package. Overall, the similarity in naming combined with the overlapping functional domain suggests possible typosquatting with suspicious intent. Risk level: High).",naive-ui
npm,eslint-plugin-segment-security,,false_positive,"Possible typosquat of eslint-plugin-security Explanation: The package name 'eslint-plugin-segment-security' is very similar to 'eslint-plugin-security' with a minor augmentation ('segment-') that appears designed to mimic the legitimate package. Although the edit distance is 8, the modification follows a pattern of prefix augmentation which can be misleading to users. There is no indication that the package serves a clearly distinct purpose or that it is a fork (no username-based or obvious fork indication). The maintainer 'dscrobonia' is not recognized as a well-known maintainer in the community, which, combined with the near-identical functionality and usage instructions in its description, raises suspicion over its intent. Hence, based solely on the name and available metadata, the package is determined to be adversarial and likely confusing for the users. Risk level: High).",eslint-plugin-security
npm,eslint-plugin-twofold,,false_positive,Possible typosquat of eslint-plugin-toml,eslint-plugin-toml
npm,acidy-ui,,false_positive,"Possible typosquat of material-ui - Explanation: The package 'acidy-ui' has no README data, which is abnormal and makes it difficult to determine its purpose. The name 'acidy-ui' does not appear to be an intentional play on words or a creative variation of 'material-ui'. The maintainer 'artemis69' is not recognized as a known maintainer in the npm community. The lack of namespace information and README data makes it suspicious, as it could potentially confuse users looking for 'material-ui'.",material-ui
npm,opn,,false_positive,Possible typosquat of open,open
pypi,pyyaml-env-tag,,false_positive,"Possible typosquat of pyaml-env Explanation: The package name 'pyyaml_env_tag' is extremely similar to 'pyaml-env', differing only by the addition of an extra character in the prefix ('pyyaml' vs 'pyaml') and the suffix '_tag'. This is a typical pattern for adversarial mimicking, with a minimal change intended to deceive users. The naming pattern does not include a username that would suggest it is a legitimate fork, and the functionality described in both packages is nearly identical, meaning they do not present a distinct purpose. The fact that the package’s description is also almost identical reinforces the idea of deception. Additionally, the maintainer for 'pyyaml_env_tag' ('waylan') does not match or indicate association with the known maintainer of 'pyaml-env', and there is no evidence of a relocated package. The package includes a readme, but overall, the naming and similarity in functionality point to suspicious intent. Risk level: High).",pyaml-env
npm,eslint-config-lisbon,,false_positive,Possible typosquat of eslint-config-turbo,eslint-config-turbo
npm,cosmi,,false_positive,"Possible `1-step D-L dist` typosquat of cssmin Explanation: The package name 'cosmi' is extremely similar to 'cssmin' with an edit distance of 2, which is well within the range for confusing, adversarial names. This implies it could be intentionally mimicking the legitimate package. Additionally, the lack of README data raises suspicion and contributes to the view that it may be a typosquat rather than a legitimate fork with a distinct purpose. The fact that it appears to be a fork of 'cssmin' with no added value, combined with unclear maintainer reputation, further strengthens the conclusion of suspicious intent. Risk level: High).",cssmin
npm,hidden-furniture-money-minute,,false_positive,"Possible typosquat of hidden-markov-model-tf Explanation: The package name 'hidden-furniture-money-minute' mimics the structure of 'hidden-markov-model-tf' by retaining the 'hidden-' prefix and a similar word count, while substituting key terms with semantically different but structurally similar words. This transformation (e.g., replacing 'markov' with 'furniture', 'model' with 'money', and 'tf' with 'minute') is a common adversarial tactic. There is no indication that this is a fork (no username prefix/suffix) or a testing package. Moreover, its minimal README and generic description raise suspicions of malicious intent, despite not being a relocated package. Additionally, the maintainers are not recognized as established contributors, and the package purpose appears to be a deceptive imitation rather than offering a distinct functionality. Risk level: High).",hidden-markov-model-tf
npm,react-scripts,@raegen,false_positive,"Possible `scope confusion` typosquat of react-scripts Explanation: The package '@raegen/react-scripts' uses a namespace that does not clearly indicate a legitimate organization or user. The description is very similar to the legitimate 'react-scripts' package, suggesting it might be a typosquat. The maintainer 'raegen' is not recognized as a known maintainer in the npm community, increasing suspicion.",react-scripts
npm,eslint-config-xo-preact,,false_positive,Possible typosquat of eslint-config-turbo,eslint-config-turbo
npm,vm2-process,,false_positive,Possible typosquat of vm2,vm2
npm,ast-monkey,,false_positive,Possible typosquat of fs-monkey,fs-monkey
npm,sitecap,,false_positive,Possible typosquat of sitemap,sitemap
npm,object.getownpropertydescriptors,@nolyfill,false_positive,Possible typosquat of object.getownpropertydescriptors,object.getownpropertydescriptors
npm,warbeast2000,,false_positive,Possible typosquat of textlint,textlint
npm,react-utils,@webbo-ui,false_positive,Possible typosquat of @chakra-ui/react-utils,@chakra-ui/react-utils
npm,eslint-config,@cloudpss,false_positive,Possible typosquat of eslint-config,eslint-config
npm,typography,@lendi-ui,false_positive,"Possible typosquat of styled-typography Explanation: The package '@lendi-ui/typography' shares a very similar semantic (typography components) with 'styled-typography'. The similarity in functionality indicated in the descriptions and the minor variation in naming (using a scoped namespace) make it potentially confusing for users. The use of an organizational scope (@lendi-ui) that appears to mimic a familiar established package naming format indicates an adversarial naming approach. Moreover, because the name incorporates a scope that suggests affiliation (fork-like behavior) and the descriptions are nearly identical in purpose without distinct differentiation, it is considered a fork with suspicious intent. The package maintains a credible list of maintainers and a complete README, so the flags for known maintainers and no_readme are set accordingly, but the overall intent is suspicious. Risk level: High).",styled-typography
npm,yhl-utils,,false_positive,Possible typosquat of utils,utils
npm,eslint-plugin-bpmn-io,,false_positive,Possible typosquat of eslint-plugin-es-x,eslint-plugin-es-x
golang,github.com/jaerk/kernal,,false_positive,"Possible `scope confusion` typosquat of github.com/jacrk/kernal Explanation: The package names 'github.com/jaerk/kernal' and 'github.com/jacrk/kernal' are very similar, differing by only one character, which is a common pattern in typosquatting. There is no description provided for either package, making it difficult to determine distinct purposes or intentions. The maintainer 'jaerk' does not appear to be a known entity in the Golang community, increasing the suspicion. The lack of additional context or namespace information further supports the potential for typosquatting.",github.com/jacrk/kernal
npm,serverless-obsession,,false_positive,"Possible simplification typosquat of serverless - Explanation: The package 'serverless-obsession' lacks a description and has no README data, which is unusual. The name 'serverless-obsession' could potentially confuse users looking for 'serverless'. The maintainer 'samwsoftware' is not recognized as a known maintainer in the npm community, increasing suspicion. Without further information, it is difficult to determine a distinct purpose or intentional play on words.",serverless
npm,express-oauth2-jwt-bearer,@sirzeta,false_positive,"Possible scope confusion typosquat of express-oauth2-jwt-bearer - Explanation: The package '@sirzeta/express-oauth2-jwt-bearer' has a namespace that is not obviously related to the original package 'express-oauth2-jwt-bearer', and the maintainer 'sirzeta' is not recognized as a known maintainer in the community. The description is very similar to the legitimate package, indicating it might be a fork, but the namespace suggests it could be a typosquat.",express-oauth2-jwt-bearer
npm,create-dacc,,false_positive,"Possible typosquat of create-ecdh - Explanation: The package 'create-dacc' has no README data, which is abnormal, and the name is similar enough to 'create-ecdh' to potentially confuse users. The maintainer 'mrick' is not recognized as a legitimate maintainer in the npm community, increasing suspicion.",create-ecdh
npm,core,@fourtune,false_positive,Possible typosquat of @tapjs/core,@tapjs/core
npm,later-composition-bone-cage,,false_positive,"Possible typosquat of composition Explanation: The package 'later-composition-bone-cage' includes the legitimate package name 'composition' with additional prefixes and suffixes, which qualifies as a compound squatting mechanism. Based solely on the package name, it is adversarial and potentially confusing to users. There is no indication of a username or organizational affiliation that suggests it is a fork, and its description lacks details beyond repeating the name, suggesting that it does not serve a distinct purpose compared to 'composition'. The maintainer ('joeweisenthal') is not recognized as part of the legitimate package's team. While the package does have a README entry, the similarity in naming while having minimal informational content and metadata raises strong suspicion of typosquatting intent. Risk level: High).",composition
npm,har-down,,false_positive,"Possible typosquat of markdown Explanation: The package name 'har-down' is very similar to 'markdown' (edit distance 2) and exhibits a kind of adversarial transformation that could easily confuse users. However, the description explicitly states that it is a fork (该 fork 后增加了新的特性 like progress display and multi-threaded downloads), indicating that its intent is to extend or modify an existing tool rather than impersonate a different product. There is no indication of a testing purpose or malicious intent, and while the maintainers listed ('ccwq') do not suggest a well-known community or organizational backing, the fork status and distinct, clearly described modifications imply that its overall intent is not deceptive. Risk level: Medium).",markdown
npm,node-yaml,,false_positive,"Possible `simplification` typosquat of yaml Explanation: The package name 'node-yaml' is created by simply prefixing 'node-' to the legitimate package 'yaml', making it a clear instance of prefix augmentation—a common typosquatting technique. Although the description clarifies that 'node-yaml' is a wrapper for js-yaml (thus having a distinct technical purpose compared to the definitive 'yaml' library), the similarity in naming can still deceive users looking for 'yaml'. It is not classified as a fork since no explicit username or fork indicator is present, and it is not designed for testing purposes. The maintainers listed ('octetstream') are not recognized as standard or known maintainers for the original 'yaml' package. Taken together, the naming strategy combined with potentially confusing metadata indicates suspicious intent. Risk level: High).",yaml
npm,hooks,@aidc,false_positive,Possible typosquat of hooks,hooks
npm,oxlint,,false_positive,"Possible `1-step D-L dist` typosquat of tslint Explanation: The package name 'oxlint' is very similar to 'tslint' (edit distance of 2), which by itself is enough to confuse users. The name shows adversarial characteristics as it follows a stylistic pattern of minor substitution. The metadata and description indicate it is a linter like 'tslint', implying it is a fork rather than a distinct tool. Despite being maintained by a known maintainer (boshen) and having a detailed README, the mimicry of the legitimate package name makes it potentially suspicious. Risk level: High).",tslint
npm,node-cidr,,false_positive,Possible `undefined` typosquat of node-dir,node-dir
npm,abase,,false_positive,"Possible `1-step D-L dist` typosquat of base Explanation: The package name “abase” differs from “base” by just one character insertion, making it easily confusable (is_adversarial_name=true). Both packages serve as generic base frameworks for building Node web apps, with overlapping functionality around app scaffolding and user workflows, so “abase” is not obviously a legitimate non-typosquat (obvious_not_typosquat=false) and does not offer a distinct purpose (has_distinct_purpose=false). There is no indication “abase” is a fork (is_fork=false) or a test helper (is_test=false), and its maintainer ‘nelsonic’ is not a recognized authority in this context (is_known_maintainer=false). It includes a README, so no_readme=false, and shows potential deceptive intent by mimicking the legitimate package (has_suspicious_intent=true). It is not a relocated package (is_relocated_package=false). Risk level: High.",base
pypi,attrdict3,,false_positive,"Possible `simplification` typosquat of attrdict Explanation: The package name 'attrdict3' differs from 'attrdict' only by an added suffix '3', which is a common 1-step modification that can deceive users. The descriptions for both packages are nearly identical, indicating that 'attrdict3' does not have a distinct purpose and appears to closely mimic the legitimate package. There is no indication of a username prefix/suffix to classify it as a fork, and the provided maintainer ('pirofti') suggests that there is a recognized individual behind it. However, given the near-identical metadata coupled with the adversarially similar package name, the package shows suspicious intent. Risk level: High).",attrdict
npm,bitcore-payment-protocol-excc,,false_positive,"Possible typosquat of @bitgo/json-payment-protocol Explanation: The two packages share very similar names and serve a closely related high-level purpose (payment protocol implementation) even though their descriptions detail different integrations (bitcore vs JSON). The 'bitcore-payment-protocol-excc' name appears to mimic '@bitgo/json-payment-protocol' by modifying the suffix (adding '-excc'), which is a known adversarial tactic. The name does not include a username or organizational identifier that would clearly mark it as a fork, and its similar naming leads to potential confusion despite different maintainers ('excc' is not recognized as a known maintainer within the legitimate ecosystem). Additionally, since the packages have similar scope and functionality, they do not have distinct purposes. The package does include a proper README, so no_readme remains false. Overall, based solely on the name similarity and potential for user deception, the analysis flags it with suspicious intent. Risk level: High).",@bitgo/json-payment-protocol
npm,object.hasown,@nolyfill,false_positive,Possible typosquat of object.hasown,object.hasown
npm,babel-helper-annotate-as-pure,,false_positive,Possible scope confusion typosquat of @babel/helper-annotate-as-pure,@babel/helper-annotate-as-pure
npm,slime-view-core,,false_positive,"Possible typosquat of dockview-core Explanation: The package name 'slime-view-core' mirrors the structure of 'dockview-core' by using a similar '-view-core' suffix even though the first component differs. This similarity is enough to make it adversarial and potentially confusing from a user perspective, especially since there is minimal description (and no README) which adds to its suspicious nature. It does not include a username or organization indicator that would imply a legitimate fork, and there is no clear distinct purpose; instead, it appears to imitate the legitimate package. Additionally, the maintainer 'antree' is not recognized as part of the ecosystem for dockview-core, further supporting that this is likely a deliberate mimic rather than an independent or distinct package. Risk level: High).",dockview-core
npm,echarts-signlog,,false_positive,"Possible `simplification` typosquat of echarts Explanation: The package name 'echarts-signlog' builds on the legitimate 'echarts' by appending an extra term ('signlog'), which can be seen as a suffix augmentation that may deceive users into thinking it is related or an official fork. The edit distance of 8 combined with the nearly identical description to Apache ECharts, and the unusual maintainer ('pubwell') that does not match the well‐known maintainers of Apache ECharts, point to suspicious intent. Additionally, there is no evidence that this package is meant for entirely different purposes or testing. Therefore, based solely on the package name similarity and metadata, this is likely an adversarial typosquat. Risk level: High).",echarts
npm,set-function-length,@nolyfill,false_positive,Possible typosquat of set-function-length,set-function-length
npm,pbt-properties,,false_positive,"Possible `1-step D-L dist` typosquat of dot-properties Explanation: The package 'pbt-properties' has no README data, which is abnormal and makes it difficult to determine its purpose. The name 'pbt-properties' is not an obvious play on words or creative variation of 'dot-properties'. The maintainer 'nth-commit' is not widely recognized, and there is no indication that 'pbt-properties' is a fork or has a distinct purpose. The lack of information and similarity in naming suggests it could be a typosquat.",dot-properties
npm,types,@vues3,false_positive,Possible typosquat of types,types
npm,minidenticons,,false_positive,"Possible typosquat of jdenticon Explanation: The package name 'minidenticons' is very similar to 'jdenticon', differing only by a 'min' prefix and pluralization, which can easily confuse users. This similarity qualifies it as an adversarial name, despite not being a fork (no user or organization prefix/suffix) and not being a test package. Both packages serve the same purpose (generating identicons), so they do not have distinct usage. Additionally, the description of 'minidenticons' mirrors the functionality of 'jdenticon', further increasing the suspicion of typosquatting. The maintainers are also different, with 'minidenticons' maintained separately, which supports the claim that the package appears to be an intentional mimic. Since a README is present, no_readme is set to false. Overall, these factors lead to a conclusion of suspicious intent. Risk level: High).",jdenticon
npm,utils,@solanafm,false_positive,Possible typosquat of utils,utils
npm,eslint-config,@ririd,false_positive,Possible typosquat of @qlik/eslint-config,@qlik/eslint-config
golang,github.com/winggao/errors,,false_positive,"Possible typosquat of github.com/pingcap/errors Explanation: The two package names are very similar with an edit distance of 3, and the namespace 'WingGao' appears to be chosen in a way that can easily confuse users with the legitimate 'pingcap' organization. The package description in github.com/WingGao/errors closely mirrors that of the legitimate package with only minor variations, suggesting that it is not intended for a distinct purpose but rather as a mimic. The presence of a single user namespace (WingGao) does not provide sufficient evidence of a legitimate fork, leading to the conclusion that this is a typosquat with suspicious intent. Risk level: High).",github.com/pingcap/errors
npm,ui,@vek-element,false_positive,"Possible typosquat of element-ui - Explanation: The package '@vek-element/ui' has a namespace which could be seen as an attempt to mimic 'element-ui'. The lack of README data and the unknown maintainer increase suspicion. The namespace 'vek-element' does not clearly indicate a distinct purpose or known organization, making it potentially a typosquat.",element-ui
npm,database,@nocobase,false_positive,Possible typosquat of @firebase/database,@firebase/database
npm,tedious-friendly,,false_positive,Possible typosquat of tedious,tedious
npm,notiad-sdk,@types,false_positive,"Possible typosquat of pumpdotfun-sdk Explanation: The package '@types/notiad-sdk' has a namespace '@types/' which is common for TypeScript type definitions, but the name 'notiad-sdk' does not closely resemble 'pumpdotfun-sdk'. The description is abnormal, and the maintainers are not recognized as legitimate in the npm community. The namespace does not appear to mimic a known organization, but the lack of a clear description and the unusual name make it suspicious.",pumpdotfun-sdk
npm,react-i18n-lite,,false_positive,"Possible typosquat of preact-i18n Explanation: The package name react-i18n-lite is very similar to preact-i18n in that it only modifies the prefix (react vs preact) and adds a ‘lite’ suffix, which can easily be misinterpreted by users. Based solely on name, it uses adversarial tactics such as prefix alteration to mimic the legitimate package. Its functionality appears to target a similar domain (internationalization) for a related but different framework (React) while still closely mirroring preact-i18n’s concept, making it appear as an obvious fork rather than an independent, distinct project. Additionally, the similarity in the README (almost identical description style) strengthens suspicions of deceptive intent. The maintainers listed do not appear to be widely recognized with respect to the established preact-i18n project, adding to the concern. For these reasons, the package is flagged as having adversarial intent and being a fork, and therefore it is not considered obviously not a typosquat. Risk level: High).",preact-i18n
npm,eslint-config-hewx,,false_positive,Possible typosquat of eslint-config-xo,eslint-config-xo
pypi,brotli,,false_positive,"Possible `prefix/ suffix augmentation` typosquat of brotlipy Explanation: The package name 'Brotli' is very similar to 'brotlipy', using the core term ‘brotli’ and omitting the ‘py’ suffix. This mimicry can potentially deceive users, especially since both packages have very similar descriptions regarding Python bindings for the Brotli compression library. There is no username or organizational prefix in 'Brotli' that would indicate it is a fork, and the functionalities are essentially the same, meaning they do not have distinct purposes. The maintainers of 'Brotli' include well-known entities in the community (including google_opensource), however the similarity in naming and purpose raises suspicion for typosquatting, leading to a judgment of a suspicious, adversarial name even though it is not a test package, fork, or relocated package. Additionally, since the package has a detailed README, no_readme is set to false. Risk level: High).",brotlipy
npm,ts-glitter,,false_positive,"Possible typosquat of ts-pattern Explanation: The package name 'ts-glitter' is similar to 'ts-pattern' due to transformation that could mislead users, even with an edit distance of 4. The adversarial transformation (changing 'pattern' to 'glitter') could confuse users expecting a pattern matching library despite serving a completely different purpose (a cross‐platform hybrid framework). There is no evidence that 'ts-glitter' is a fork (its purpose and description are distinct) or a test package. Although its maintainer appears as a single user and not clearly linked to the legitimate package, the similarity of name coupled with deceptive naming intent raises suspicion. Risk level: High).",ts-pattern
pypi,timeslib,,false_positive,"Possible `simplification` typosquat of times Explanation: The package name 'timeslib' is very similar to the legitimate 'times' with only a 'lib' suffix added. This is a common tactic in typosquatting by using a prefix/suffix augmentation and can potentially deceive users. There is no indication of a fork (i.e., no username or explicit attribution to the original author) and the purpose of 'timeslib' appears to mimic that of 'times', as evidenced by the vague and similar description. Additionally, the maintainer ('olex') is not known to be affiliated with the legitimate package, increasing the suspicion of a typosquat. The package has a README, so no_readme is false, and there is no evidence of package relocation. Overall, based solely on the package name and matching characteristics, the metrics are set as above. Risk level: High).",times
npm,eslint-config-noclip,,false_positive,Possible typosquat of eslint-config-node,eslint-config-node
npm,eslint-plugin-deprecate,,false_positive,Possible semantic substitution typosquat of eslint-plugin-deprecation,eslint-plugin-deprecation
npm,intl,@neumatter,false_positive,Possible typosquat of next-intl,next-intl
npm,hostile,@types,false_positive,"Possible typosquat of types Explanation: The package '@types/hostile' uses a common namespace '@types/' which is typically used for TypeScript type definitions. However, the name 'hostile' does not clearly relate to 'types', and the description is abnormal, making it difficult to determine its purpose. The maintainers list includes 'types', which is not a known maintainer or developer in the npm community. The lack of clear information and abnormal description raises suspicion.",types
npm,hooks,@speedlo,false_positive,Possible typosquat of hooks,hooks
pypi,blau,,false_positive,"Possible typosquat of black Explanation: The package name 'blau' is highly similar to 'black' (edit distance of 2), making it a potential intentional mimic. Based solely on the name, it qualifies as an adversarial name. There is no indication of a fork (e.g., no username in the package name), nor is there evidence that 'blau' serves a distinct purpose compared to 'black'. Additionally, the absence of a clear description (or README) combined with the suspicious similarity makes its intent seem deceptive. Risk level: High).",black
npm,stylelint-config-bod,,false_positive,Possible typosquat of stylelint-config-html,stylelint-config-html
npm,cli-freind,,false_positive,Possible typosquat of cli,cli
npm,eslint-config-airbe,,false_positive,"Possible `1-step D-L dist` typosquat of eslint-config-airbnb Explanation: The package name 'eslint-config-airbe' is very similar to 'eslint-config-airbnb' with an edit distance of 2, making it highly likely to be an intentional mimic. Based solely on the package name, it falls under adversarial name tactics as it uses minor character alteration to potentially confuse users. The package appears to be a fork of the legitimate package since the similarity is so close and there is no indication of a distinct purpose or significant changes. Additionally, while the description provides similar usage details to the legit package, the overall presentation (including the lack of clear differentiation and the presence of a single maintainer who is not recognized as a known maintainer in the community) points toward suspicious intent. Therefore, it is marked as having suspicious intent and is considered an adversarial fork. Risk level: High).",eslint-config-airbnb
npm,eslint-config-vegas,,false_positive,Possible typosquat of eslint-config-react,eslint-config-react
pypi,composabl-core-dev,,false_positive,"Possible typosquat of composio-core Explanation: The package name 'composabl-core-dev' is very similar to 'composio-core', with only minor alterations (e.g., 'composabl' vs 'composio' and an added '-dev' suffix), which is a typical pattern for typosquatting. Based solely on the name, the similarity can be deceiving to users (is_adversarial_name=True) and the slight modifications suggest an intentional mimic, so obvious_not_typosquat is set to false. The '-dev' suffix does not indicate a user-specific fork (is_fork=False) but rather appears to be a confusing modification. The functionality described in the metadata is overlapping (both are “core” packages), meaning they likely do not have distinct purposes (has_distinct_purpose=False). Additionally, while the description mentions usage for testing in a licensing context, it is not flagged as a test package (is_test=False). The maintainers are different from the legitimate package’s known maintainers (is_known_maintainer=False). A proper README/description is provided (no_readme=False) but the overall naming and purpose raise suspicion (has_suspicious_intent=True). There is no evidence to consider it as a relocated package (is_relocated_package=False). Risk level: High).",composio-core
npm,array.prototype.at,@nolyfill,false_positive,Possible typosquat of array.prototype.at,array.prototype.at
npm,stylished-components,,false_positive,Possible typosquat of styled-components,styled-components
npm,springuper-winston-daily-rotate-file,,false_positive,"Possible `simplification` typosquat of winston-daily-rotate-file Explanation: The package name 'springuper-winston-daily-rotate-file' is almost identical to 'winston-daily-rotate-file' with only an extra prefix ('springuper-'). This type of prefix augmentation is a known tactic for typosquatting and adversarial naming, making it likely to confuse users. The prefix 'springuper' appears to be a username and thus makes the package be treated as a fork; however, the metadata (description and functionality) appears almost identical to the legitimate package without clear unique purpose, reinforcing concerns of deceptive intent. In addition, since only the suspicious package’s maintainers are 'springuper' (and that is not recognized as an established maintainer for the original winston package), and there is no distinct purpose or substantial deviation from the original package details, the package is classified as having suspicious intent, while not being an entirely relocated package. Moreover, the package does include a README, so no_readme is false. Risk level: High).",winston-daily-rotate-file
npm,react-native-videoplayer,,false_positive,"Possible `delimiter modification` typosquat of react-native-video-player Explanation: The package names 'react-native-videoplayer' and 'react-native-video-player' are very similar, differing only by a hyphen. This could easily confuse users. The maintainer 'yamill' is not widely recognized in the npm community, and the description of 'react-native-videoplayer' does not indicate a distinct purpose or a test package. There is no indication that 'react-native-videoplayer' is a fork or an intentional play on words. The similarity in names and lack of distinguishing features make it suspicious.",react-native-video-player
npm,core,@aarc-dev,false_positive,Possible typosquat of @trigger.dev/core,@trigger.dev/core
npm,music-ui,,false_positive,"Possible typosquat of material-ui Explanation: The package 'music-ui' is labeled as a 'security holding package' and has a name that could be confused with 'material-ui'. The description is minimal and does not provide any distinct purpose or functionality, making it suspicious. The maintainer 'npm' does not provide enough context to consider it legitimate.",material-ui
npm,base,@mmxzjw,false_positive,Possible typosquat of base,base
npm,core,@porter-js,false_positive,Possible typosquat of core-js,core-js
npm,general-library-taste,,false_positive,"Possible typosquat of @testing-library/react Explanation: The package name 'general-library-taste' uses a similar structure to '@testing-library/react' by incorporating the word 'library' and pairing it with a modifier ('taste' vs 'testing'). Such a naming pattern is clearly designed to confuse users into thinking it is related to the well known react testing utilities. There is no username or fork indicator present, and the metadata (minimal description and readme) does not clarify a distinct purpose. The maintainer is not recognized as being associated with '@testing-library/react', reinforcing the suspicion that this is an adversarial name with potentially malicious intent. Risk level: High).",@testing-library/react
npm,is-arguments,@nolyfill,false_positive,Possible typosquat of is-arguments,is-arguments
npm,regexp.prototype.flags,@types,false_positive,"Possible `scope confusion` typosquat of regexp.prototype.flags Explanation: @types/regexp.prototype.flags is a scoped package that adds a namespace, which could confuse users into thinking it is an official type definition for the legitimate package regexp.prototype.flags. The similarity in names and the common usage of the @types/ namespace for type definitions contribute to its classification as an adversarial name. However, it appears to be a fork due to the naming convention, and the maintainers are known in the npm community, which reduces suspicion.",regexp.prototype.flags
npm,lib,@shuu1992,false_positive,Possible typosquat of lib,lib
npm,html-to-pdf-js,,false_positive,Possible typosquat of html2pdf.js,html2pdf.js
npm,temp-write,@lerna,false_positive,Possible typosquat of temp-write,temp-write
npm,api,@mna,false_positive,Possible typosquat of api,api
npm,wwwtea,,false_positive,Possible typosquat of inngest,inngest
npm,node-redshift,@vita-mojo,typosquat,"Possible `scope confusion` typosquat of node-redshift Explanation: The scoped name @vita-mojo/node-redshift is nearly identical to the unscoped node-redshift package except for the org prefix, creating high risk of confusion (is_adversarial_name=true). The code, README, and functionality appear to be a direct copy of the original with no added functionality or clear fork declaration (has_distinct_purpose=false, is_fork=false). The package has proper documentation but is likely impersonating the original maintainers under a different scope and generic maintainer names (is_known_maintainer=false). There are no explicit testing indications (is_test=false) and no relocation notice (is_relocated_package=false). Given the possible intent to harvest downloads or credentials under confusion, we flag suspicious intent (has_suspicious_intent=true) and conclude it is a typosquat rather than a legitimate alternative (obvious_not_typosquat=false). Risk level: High.",node-redshift
npm,vite-plugin-imagemin-vv,,typosquat,"Possible `simplification` typosquat of vite-plugin-imagemin Explanation: The package name 'vite-plugin-imagemin-vv' is extremely similar to 'vite-plugin-imagemin' with only an extra '-vv' appended, which is a typical example of suffix augmentation that could deceive users. This naming pattern suggests an adversarial name. There is no indication that the suffix represents a legitimate username, so it is not considered a fork. Both packages appear to serve the same purpose due to similar descriptions and usage examples, hence they do not have a distinct purpose. While the package is not intended for testing and has a README, its suspicious intent is flagged due to its potential mimicry of a well established package. Given that the maintainers of the suspicious package are recognized in the npm community ('yeshengllw'), this mitigates concerns slightly but does not remove the suspicion raised by the adversarial name and deceptive naming similarity. Therefore, the overall analysis points to a scenario where the package name carries attributes of a typosquat. Risk level: High).",vite-plugin-imagemin
npm,cesiumjs,,typosquat,"Possible `1-step D-L dist` typosquat of cesium Explanation: The package name 'cesiumjs' is very similar to 'cesium' due to the addition of the 'js' suffix, which is a common compound squatting tactic and can deceive users. Although the descriptions for both packages are nearly identical, the maintainers for 'cesiumjs' do not match the official CesiumGS team, raising further suspicion. There is no indication that 'cesiumjs' is an official fork or has a distinct purpose compared to 'cesium'. Therefore, based solely on the package name similarity and metadata, it is considered an adversarial name and suspicious.Package is adversarial and have similar purpose, so it's likely a typosquat.",cesium
golang,github.com/lxmgo/beego,,typosquat,"Possible typosquat of github.com/beego/beego Explanation: The package github.com/lxmgo/beego uses a different namespace ('lxmgo') to access a package whose name and description are nearly identical to the legitimate github.com/beego/BEEGO. Despite the edit distance being moderate, the namespace modification and near-mirroring of metadata suggest that it is intended to mimic the original, making it an adversarial name. Additionally, since it appears to be a fork with no clearly distinct purpose and lacks evidence of being maintained by the original team, it raises suspicion of typosquatting intent. Risk level: High).",github.com/beego/beego
golang,github.com/spfl13/pflag,,typosquat,"Possible `scope confusion` typosquat of github.com/spf13/pflag Explanation: The package name 'github.com/spfl13/pflag' differs by only two characters from 'github.com/spf13/Pflag', making it almost an exact mimic. Its use of a slightly altered namespace and name is indicative of adversarial tactics to confuse users. Additionally, since the package description is nearly identical and the sole maintainer is 'spfl13' (a slight alteration relative to 'spf13'), it appears to be an obvious fork with intentional mimicry rather than a distinct or test package. These similarities in name and metadata strongly suggest malicious intent. Risk level: High).",github.com/spf13/pflag
npm,react-native-gifted-charts-sai,,typosquat,Possible typosquat of react-native-gifted-charts,react-native-gifted-charts
npm,react-search-autocomplete-v3,,typosquat,"Possible `simplification` typosquat of react-search-autocomplete Explanation: The package name 'react-search-autocomplete-v3' is essentially the same as the legitimate package 'react-search-autocomplete' with only a version suffix added, which could easily deceive users. The suffix '-v3' is a typical tactic for mimicking the original name, making it an adversarial name. There is no indication that the package is a fork (no username prefix/suffix), and the purpose remains identical to that of the original package. Additionally, the maintainers are different and not recognized as the legitimate ones, increasing suspicion. The package includes a README, so no_readme is false, but the similar metadata indicates potential typosquatting intent. Risk level: High).",react-search-autocomplete
npm,buffer-hor,,typosquat,"Possible `1-step D-L dist` typosquat of buffer-xor Explanation: The package name 'buffer-hor' is extremely similar to 'buffer-xor', differing by a single character change ('hor' instead of 'xor'), which strongly indicates an intentional mimic intended to deceive users. This qualifies it as an adversarial name. Moreover, it appears to be a fork of the legitimate package based solely on its name despite having a 'security holding package' description, which is intended to prevent malicious use but further raises suspicions. The maintainers list does not match recognized maintainers from 'buffer-xor' and the overall metadata is vague, thus exhibiting suspicious intent. Risk level: High).",buffer-xor
npm,react-verification-code-input,@ghranek,typosquat,"Possible typosquat of react-input-verification-code Explanation: The scoped package ‘@ghranek/react-verification-code-input’ mirrors the legitimate ‘react-input-verification-code’ by using the same core terms in a slightly rearranged order, making it easy to confuse. It provides essentially identical functionality (a verification code input component) and does not declare itself as a fork, nor does it serve a distinct purpose. The maintainer ‘ghranek’ is not a known authority for this package, and the presence of near-identical branding and functionality without clear differentiation suggests a typosquatting attempt rather than a genuine alternative. Risk level: High.",react-input-verification-code
npm,gnosis-safe,@web3-react-x,typosquat,"Possible `scope confusion` typosquat of @web3-react/gnosis-safe Explanation: The target name '@web3-react-x/gnosis-safe' differs from the legitimate '@web3-react/gnosis-safe' by only the insertion of '-x', making it easily confusable (is_adversarial_name=true). It does not carry any clear fork marker or authoritative namespace (is_fork=false), nor does it offer a different use case or additional functionality (has_distinct_purpose=false). There is no indication it’s a testing stub (is_test=false), and the sole maintainer 'thangx' is not known in the Web3 React ecosystem (is_known_maintainer=false). The package does include a README, so it isn’t un-documented (no_readme=false). The identical description and naming scheme suggest possible impersonation or malicious intent (has_suspicious_intent=true). Finally, this is not a recognized relocation of the original package (is_relocated_package=false), and due to high confusion potential and matching description, it is likely a typosquat rather than a legitimate alternative. Risk level: High.",@web3-react/gnosis-safe
npm,babel-plugin-transform-export-namespace,,typosquat,"Possible typosquat of @babel/plugin-transform-export-namespace-from Explanation: The package name 'babel-plugin-transform-export-namespace' is nearly identical to '@babel/plugin-transform-export-namespace-from', differing only by the omission of the token 'from'. This similarity in naming can easily confuse users, making it an adversarial name (is_adversarial_name: true) and leading to potential suspicions of typosquatting (obvious_not_typosquat: false). There is no indication of a username prefix/suffix that would identify it as a fork (is_fork: false), and both packages serve the same high-level purpose with virtually identical functionality, so they do not have distinct purposes (has_distinct_purpose: false). The package is not specific to testing (is_test: false) and maintainers include a known contributor ('hzoo', is_known_maintainer: true), which would normally be a sign of legitimacy. However, because the description is almost identical to the legitimate package and the naming mimics the official scoped package, it expresses suspicious intent (has_suspicious_intent: true). Additionally, the package includes a detailed README (no_readme: false) and there is no evidence of it being a relocated package (is_relocated_package: false). Risk level: High).",@babel/plugin-transform-export-namespace-from
npm,stream-chat-react-native-core-tyket,,typosquat,"Possible `simplification` typosquat of stream-chat-react-native-core Explanation: The package name 'stream-chat-react-native-core-tyket' is extremely similar to the legitimate 'stream-chat-react-native-core' with only an additional suffix '-tyket'. This minor modification can easily deceive users based solely on name similarity, marking it as adversarial. The use of the suffix 'tyket', which is also the sole maintainer listed, suggests that it is a deliberate fork rather than a separate project with a distinct purpose, especially since its description is almost identical to the legitimate package's description. There is no evidence to indicate that it is intended for testing, nor does it have a missing README. Therefore, the metrics indicate a likely misleading typosquat/fork with suspicious intent. Risk level: High).",stream-chat-react-native-core
npm,qrcode.vue,@wishknish,typosquat,"Possible `scope confusion` typosquat of qrcode.vue Explanation: The package '@wishknish/qrcode.vue' adds a namespace to the known package name 'qrcode.vue', which is a common tactic in typosquatting. The similarity in package names, along with the fact that the scope appears to be inserted before the legitimate package name, makes it highly likely that this is intended to mimic the original. The naming convention (@username/package-name) indicates it is treated as a fork, but since the description and functionality closely mirror the original 'qrcode.vue', it does not provide a distinct purpose. Its maintainers are not aligned with the original package’s expected maintainers, and the description mirrors the legitimate package's README, amplifying the potential for user confusion. Additionally, since there is a README available, no_readme is false. Overall, these factors indicate a high likelihood of adversarial intent. Risk level: High).",qrcode.vue
npm,rollup-plugin-hotreload,,typosquat,"Possible typosquat of rollup-plugin-livereload - Explanation: The package 'rollup-plugin-hotreload' is a security holding package with no maintainers listed, and its name is similar to 'rollup-plugin-livereload', which suggests it could be a typosquat. The lack of additional information or a distinct purpose further supports this suspicion.",rollup-plugin-livereload
npm,icons-react,@ldesign,typosquat,"Possible typosquat of tdesign-icons-react Explanation: The target name '@ldesign/icons-react' differs from 'tdesign-icons-react' by only one character ('l' vs 't') and a scope prefix, creating high confusion potential. Its description and usage examples mirror the legitimate package exactly, indicating impersonation rather than unique functionality. There’s no clear fork indicator or distinct purpose, and the maintainers are not recognized from the official TDesign team. These factors point to a malicious typosquat rather than a legitimate alternative. Risk level: High.",tdesign-icons-react
npm,customs-aloud,,typosquat,"Possible typosquat of custom-return Explanation: The package names 'customs-aloud' and 'custom-return' share a common prefix, creating a potential for user confusion. The variation ('-aloud' vs '-return') appears to be a substitution intended to mimic the well-known legitimate package despite having no clear relation in functionality—the legitimate package is designed to generate a constant returning function, while 'customs-aloud' only provides a minimal README. The similar naming can mislead users, placing it under adversarial naming. There is no indication that 'customs-aloud' is a fork (no user name in the package name) or a test package, and its sole maintainer (‘tleaoo’) does not indicate a recognized origins associated with the legitimate package. No strong distinct purpose is evident, and the package’s minimal description further raises suspicion. Therefore, metrics are set to indicate a potential typosquat with suspicious intent. Risk level: High).",custom-return
npm,keystores-node,@meer-js,typosquat,"Possible scope confusion typosquat of @near-js/keystores-node - Explanation: The package '@meer-js/keystores-node' has a namespace and name very similar to '@near-js/keystores-node', differing by only one character in the namespace. This minor difference could easily confuse users, suggesting a potential typosquat. The maintainer 'mikedotexe' is not widely recognized, and the description is not abnormal but does not provide enough distinction from the legitimate package.",@near-js/keystores-node
npm,vue-i18n,@citygro,typosquat,"Possible typosquat of vue-i18n Explanation: The package name is almost identical to the legitimate one (only a scope prefix is added), creating high confusion potential (is_adversarial_name=true). No README and unknown maintainers suggest poor documentation and possible malicious intent (no_readme=true, has_suspicious_intent=true). There’s no indication it’s an authorized fork (is_fork=false) or that it serves a distinct purpose beyond duplicating vue-i18n functionality (has_distinct_purpose=false). It isn’t a testing stub (is_test=false), the maintainers are not recognized in the ecosystem (is_known_maintainer=false), and it isn’t a known relocation of the original package (is_relocated_package=false). The name similarity plus these red flags means it should not be considered clearly safe (obvious_not_typosquat=false). Risk level: High.",vue-i18n
npm,v3-core,@ariswap,typosquat,"Possible `scope confusion` typosquat of @uniswap/v3-core Explanation: The package name '@ariswap/v3-core' has only a minor edit distance (2) compared to '@uniswap/v3-core', indicating an intentional mimicry. Its namespace '@ariswap' appears designed to parallel the well‐known '@uniswap' organization, and the package content closely follows that of the legitimate package. Furthermore, it appears to be a fork rather than an independent project, sharing almost identical metadata and structure. With a single maintainer ('ryukiller') who is not known to be associated with the original project, and considering the potential for user confusion in the namespace, the package exhibits suspicious intent. Risk level: High).",@uniswap/v3-core
huggingface,silvercoder45/Mistral-7b-instruct-v0.2-summ-sft-e2m,,typosquat,Possible typosquat of silvercoder67/Mistral-7b-instruct-v0.2-summ-sft-e2m,silvercoder67/Mistral-7b-instruct-v0.2-summ-sft-e2m
npm,okxweb3,,typosquat,"Possible `simplification` typosquat of web3 Explanation: The package 'okxweb3' lacks a description and has a name that closely resembles 'web3', which is a well-known package. The addition of 'okx' could be an attempt to mimic or confuse users. The maintainer 'hxroot' is not recognized as a known maintainer in the npm community, and the absence of README data increases suspicion.",web3
npm,babylon-walker,,typosquat,"Possible `1-step D-L dist` typosquat of babylon-walk Explanation: The names differ by only one suffix (‘-er’), making them easily confusable. Both packages offer very similar AST walking functionality for Babylon/Babel, with no clear unique purpose or fork indications. The maintainer (‘iaiae’) isn’t a known authority for this library. The description is minimal and mimics the legitimate package’s claims, suggesting potential impersonation rather than a distinct, well-documented offering. Risk level: High.",babylon-walk
pypi,configpp,,typosquat,"Possible `1-step D-L dist` typosquat of config Explanation: The package name 'configpp' is very similar to 'config' through a simple suffix modification ('pp'), which could easily deceive users. The naming similarity is an adversarial tactic even though there is no clear indication that the package is a fork (e.g., no username prefix/suffix). The purpose described for 'configpp' is very generic and overlaps with that of the original 'config' package, suggesting it is not offering a distinct functionality. Its maintainers ('voidpp') are not recognized as part of the community behind 'config', adding to the suspicion. Although the description for 'configpp' is friendly, it is brief compared to the detailed explanation provided by the legitimate package, further contributing to the possibility of deceptive intent. Since a README or description is present, no_readme remains false. As there is no evidence of a relocation, that metric is also false. Risk level: High).",config
npm,alpha-order,,typosquat,"Possible typosquat of alpha-sort Explanation: The names 'alpha-order' and 'alpha-sort' are extremely similar, differing only in one word (order vs sort) which could easily deceive users. This qualifies as an adversarial name with a one-step lexical replacement. Although there is a slight difference in functionality (alpha-order sorts both objects and arrays while alpha-sort focuses on arrays), the close similarity in naming and overlapping purposes makes it unlikely that alpha-order is offering distinct functionality. There is no indication that alpha-order is a fork (no username or clear fork indicator in the name), and it is not a test package. The package has a README and is maintained by a known maintainer ('donutespresso'), which typically lessens suspicion; however, the overall combination of misleading naming and very similar metadata points to suspicious intent. Therefore, obvious_not_typosquat is set to false and is_adversarial_name as well as has_suspicious_intent are true. Risk level: High).",alpha-sort
npm,react-pivottable-secondary,,typosquat,Possible typosquat of react-pivottable,react-pivottable
huggingface,NbAiLabBeta/nb-whisper-medium,,typosquat,Possible typosquat of NbAiLab/nb-whisper-medium,NbAiLab/nb-whisper-medium
npm,node-graceful,@unboundedsystems,typosquat,"Possible `scope confusion` typosquat of node-graceful Explanation: The scoped name @unboundedsystems/node-graceful differs substantially from node-graceful (no risks of 1–2 character confusion), but its description and functionality are identical to the original node-graceful, and it’s maintained by a different set of authors without indicating a legitimate fork. There’s no indication of unique purpose or testing focus, and the maintainers aren’t known from the ecosystem. This suggests republishing or impersonation rather than a benign variant, so it’s likely a malicious or confusing package rather than a genuine relocation or fork. Risk level: High.",node-graceful
npm,react-recaptcha-v3,@chaitanyapotti,typosquat,"Possible `scope confusion` typosquat of react-recaptcha-v3 Explanation: The scoped package @chaitanyapotti/react-recaptcha-v3 simply duplicates the unscoped react-recaptcha-v3’s README verbatim and functionality, indicating an attempt to impersonate rather than innovate. While the @scope prefix reduces name confusion (so it’s not a straightforward adversarial name), the identical content shows suspicious intent. There is no clear fork indicator or distinct purpose, proper documentation exists, and the maintainer is not a recognized authority for this library. Therefore it should be flagged as a potential malicious copy rather than a legitimate alternative. Risk level: High.",react-recaptcha-v3
npm,readline-promises,,typosquat,"Possible `grammatical substitution` typosquat of readline-promise Explanation: The target name ’readline-promises’ differs by only one character from the legitimate ’readline-promise’, making it highly confusing (is_adversarial_name=true). Both packages offer promise-based readline functionality with nearly identical purpose and API scope, so it’s not obviously a distinct, non-typosquatting package (obvious_not_typosquat=false) nor does it serve a unique use case (has_distinct_purpose=false). There’s no fork indicator (is_fork=false), no test focus (is_test=false), and the published README exists (no_readme=false). The maintainer ‘sansossio’ is unrecognized in the ecosystem (is_known_maintainer=false). Given the near identical naming and overlapping functionality, it likely aims to confuse users seeking the legitimate module, which is a suspicious intent (has_suspicious_intent=true). There’s no indication this is a relocated package (is_relocated_package=false). Risk level: High.",readline-promise
npm,http-errors-handler,,typosquat,"Possible `simplification` typosquat of http-errors Explanation: The package name 'http-errors-handler' is very similar to 'http-errors', differing only by the addition of the suffix 'handler'. This is a common adversarial tactic (prefix/suffix augmentation) to create confusion. There is no indication that the naming difference is due to a genuine intent to serve a distinct purpose, and the minimal README which only includes an install command adds to the suspicion. There is no evidence it is a fork (no username indication) and the provided maintainer is not a known maintainer of the legitimate package. While the underlying functionality might be intended to relate to HTTP errors, the way the package is presented (very similar naming and minimal descriptive metadata) makes it likely to mislead users, thus it has a suspicious intent. Risk level: High).",http-errors
npm,romanum,,typosquat,"Possible `1-step D-L dist` typosquat of romans Explanation: The package name 'romanum' differs from 'romans' by just a minor edit (edit distance of 2), making it highly likely to be confused with the legitimate package. Its functionality and examples are nearly identical, and there is no indication of it being a fork (the package name does not include a misleading username). Moreover, with a single maintainer who is not recognized as associated with the original package and no distinct purpose, it appears to be a deliberate mimic intended to mislead users. Risk level: High).",romans
npm,boaproject-transactions,,typosquat,"Possible typosquat of @ethersproject/transactions Explanation: Both package names are extremely similar: 'boaproject-transactions' alters only the scope from '@ethersproject/transactions' by changing the namespace to 'boaproject'. The change is minimal and likely intended to deceive users into thinking it is the official submodule, as demonstrated by the identical descriptions and README content. There is no indication it is a fork, as no clear username is appended, and the similar metadata indicates the intent to impersonate rather than provide a distinct purpose. The maintainer ('michaelkim20') is not recognized as associated with the official ethers project, making it suspicious. Additionally, a README is present, so no_readme is false. Overall, the name appears adversarial and is designed to confuse users, leading to a positive determination of typosquat characteristics. Risk level: High).",@ethersproject/transactions
npm,sleap,,typosquat,Possible typosquat of sleep,sleep
npm,svg-captcha-hhhhhhhhh,,typosquat,"Possible `simplification` typosquat of svg-captcha Explanation: The package 'svg-captcha-hhhhhhhhh' is almost identical to 'svg-captcha' except for an added suffix ('hhhhhhhhh') that may confuse users into thinking it is the legitimate package. Based solely on the package name, the adversarial naming (a suffix augmentation) is a potential method for typosquatting. There is no indication that the altered name represents a fork via username or organizational affiliation, and the provided usage example mirrors the legitimate package’s behavior. The functionality appears not to be distinct and the description is nearly identical to the original package’s, which strengthens the suspicion. Additionally, the maintainer ('th_han') is not recognized as a maintainer of the legitimate package, adding further doubt. Although the package does include a readme-like usage snippet, the overall evidence points toward deceptive intent rather than a legitimate distinct or test purpose. Risk level: High).",svg-captcha
npm,react-smart-banner-app,,typosquat,"Possible typosquat of react-smartbanner Explanation: The package name 'react-smart-banner-app' is only a slight modification of 'react-smartbanner' (an added hyphen and the suffix '-app'), which may easily confuse users. The names are very similar, and the description/README is nearly identical to the legitimate package, indicating mimicry rather than a distinct, legitimately forked project. The suffix '-app' does not indicate an obvious fork (as it lacks a clear username or organizational indicator) and does not imply a differing purpose; in fact, both packages claim to implement the same functionality. Additionally, the maintainers do not match those of the legitimate package ('fausto95' versus the original maintainer implied by the common repository information), which further raises suspicion. Since the README is present, no_readme is false, and there is no indication that this is a relocated package. Overall, the similarity in the package name and the near identical metadata strongly suggests suspicious intent. Risk level: High).",react-smartbanner
npm,exif-js,@remove-bg,typosquat,"Possible typosquat of remove.bg Explanation: The package '@remove-bg/exif-js' uses a namespace that mimics the legitimate package 'remove.bg'. The description 'security holding package' suggests it might be a placeholder to prevent typosquatting, but the namespace and name similarity make it suspicious. There are no known maintainers, and the package does not have a distinct purpose or appear to be a test package.",remove.bg
npm,vue-renderer,@rsnuxt,typosquat,"Possible `scope confusion` typosquat of @nuxt/vue-renderer Explanation: The package '@rsnuxt/vue-renderer' differs only slightly from the legitimate '@nuxt/vue-renderer' (edit distance of 2) with a modified namespace that mimics the original scope. This intentional modification creates confusion regarding the origin of the package. The lack of a detailed README and metadata adds to its suspicious nature, and the provided maintainer does not match the known maintainers of the legitimate package. Overall, the naming strategy closely imitates '@nuxt/vue-renderer', indicating potential typosquatting with deceptive intent. Risk level: High).",@nuxt/vue-renderer
nuget,bimlab.nuke,,typosquat,"Possible typosquat of bimlab.nuke.nuget Explanation: The target name differs from the legitimate only by dropping the “.nuget” suffix—low edit distance and high confusion potential. Both packages share the same bland description and neither has a readme, suggesting no clear distinct functionality or official documentation. The maintainer “PIK_Project” is not a recognized NuGet authority. There’s no fork indication or test purpose, and no relocation notice. Given the naming overlap and lack of differentiators, this appears to be a typosquat attempt rather than an obvious, legitimate alternative. Risk level: Medium.",bimlab.nuke.nuget
npm,bootstrap-nabtraderedesign,,typosquat,"Possible typosquat of bootstrap-daterangepicker Explanation: The package name 'bootstrap-nabtraderedesign' shares the 'bootstrap-' prefix with the legitimate package 'bootstrap-daterangepicker' and replaces 'daterangepicker' with 'nabtraderedesign', which contains a similar-looking sequence ('trader') but overall appears to mimic the original in a deceptive way. This naming strategy can confuse users, thus it qualifies as an adversarial name. There is no indication of a username or organization marker that would make it clearly a fork, and the suspicious description 'security holding package' along with the absence of a substantive README indicates malicious intent rather than a distinct or legitimate alternate purpose. The maintainers list includes only 'npm', which in this context is not a trusted maintainer given the security holding nature of the package. Therefore, the metrics reflect a likely typosquat with malicious or suspicious intent. Risk level: High).",bootstrap-daterangepicker
npm,l1b,,typosquat,"Possible typosquat of lib - Explanation: The package 'l1b' is very similar to 'lib', differing only by a single character substitution ('1' for 'i'), which is a common typosquatting technique. Additionally, 'l1b' lacks a description, making it more suspicious. The maintainer 'ejzspb' is not recognized as a known maintainer in the npm community, adding to the suspicion.",lib
npm,web3-fruit,,typosquat,"Possible simplification typosquat of web3 - Explanation: The package 'web3-fruit' does not have a clear description or purpose, and its name closely resembles 'web3', which could confuse users. The maintainer 'joeweisenthal' is not recognized as a known maintainer in the npm community, increasing suspicion.",web3
npm,eth-method-registry,@alayanetwork,typosquat,"Possible `scope confusion` typosquat of eth-method-registry Explanation: The scoped package @alayanetwork/eth-method-registry mirrors the legitimate eth-method-registry’s functionality and nearly identical description and README, differing only by a scope prefix. This is likely to confuse users searching for the official module. It does not explicitly state it is a fork, nor does it offer any unique features. The maintainer scope ‘alayanetwork’ is not a known authority for this library, and the package’s close impersonation suggests malicious or at least misleading intent rather than a legitimate variant. Risk level: High.",eth-method-registry
npm,tsc-watch,@llllvvuu,typosquat,Possible scope confusion typosquat of tsc-watch,tsc-watch
pypi,aplus,,typosquat,"Possible `1-step D-L dist` typosquat of adlfs Explanation: The package name 'aplus' and the legitimate package 'adlfs' are very similar in length and letter composition (both five-letter names sharing common letters, with just two substitutions). This suggests potential for user confusion (adversarial name = true). There is no evidence that 'aplus' is a fork (no username prefix or suffix) and there is no namespace indicating a legitimate organizational affiliation; maintainers ('Jeff-Meadows') are not recognized as known maintainers of 'adlfs'. Additionally, the description 'UNKNOWN UNKNOWN' and lack of a proper README further heighten suspicion regarding its intent and whether it offers a distinct purpose. As a result, the metrics indicate that 'aplus' could be an intentional mimic with suspicious intent. Risk level: High).",adlfs
npm,slash2,,typosquat,Possible typosquat of slash,slash
npm,weex-dev,,typosquat,"Possible typosquat of save-dev Explanation: The package name 'weex-dev' is highly similar to 'save-dev' (despite an edit distance of 4) and follows a pattern that could mimic the legitimate package, making it an adversarial name. The instructions indicate that such a similarity should be flagged as not obvious non-typosquat. Furthermore, the metadata shows no README and a description that contains no clarifying details, which is especially concerning given that 'save-dev' is a security holding package. The provided guidance also suggests that this similarity implies a fork rather than a different purpose, with no indication that the package is intended for testing. Lastly, the maintainer ('superhotuser12') does not match a known maintainer in the npm community, increasing the suspicion of typosquatting. Risk level: High).",save-dev
npm,blue-jest,,typosquat,"Possible `1-step D-L dist` typosquat of vue-jest Explanation: The package name 'blue-jest' is very similar to 'vue-jest' with only a two-character edit difference, suggesting an intentional mimic. Based solely on the name, it appears adversarial as it uses a simple substitution ('blue' vs 'vue') that could confuse users. The metadata indicates that 'blue-jest' is essentially a fork of the legitimate 'vue-jest' because it serves the same function (Jest configuration for Vue) without any distinctive differences in purpose. The package is also designed for testing (as indicated by its description) and its readme is nearly identical. The listed maintainer ('blocklevel') does not clearly indicate affiliation with the legitimate package, further supporting the suspicion. Thus, overall the package displays characteristics of a typosquat with potentially malicious intent. Risk level: High).",vue-jest
npm,pop-jinqu-liji1,,typosquat,"Possible typosquat of @poppinss/cliui Explanation: The package name 'pop-jinqu-liji1' shares a fragment ('pop') with the legitimate package '@poppinss/cliui' and uses additional confusing elements (jinqu-liji1) that could mislead users, which qualifies it as an adversarial name. It does not follow the username or organization pattern that would normally indicate a fork. The similarity in name without clear distinct purpose (despite the legitimate package’s clear UI kit focus) and the description indicating a 'security holding package' further raise flags for deceptive intent. Additionally, with an empty maintainer list and no clear README (even though text is present, it is ambiguous), the suspicious nature is consolidated. Therefore, we mark it as not obviously non-typosquat with suspicious intent. Risk level: High).",@poppinss/cliui
nuget,microsoft.faster,,typosquat,"Possible `prefix/ suffix augmentation` typosquat of microsoft.faster.core Explanation: The package name 'microsoft.faster' is extremely similar to 'microsoft.faster.core', differing only by the absence of the '.core' suffix. Based solely on the name, this is a typical case of an adversarial name, as it may easily deceive users by mimicking the legitimate package. There is no indication that 'microsoft.faster' is a fork (e.g., no username prefix or suffix) and no evidence it serves a distinct purpose from 'microsoft.faster.core'. The maintainers list is empty and the lack of a README further contributes to suspicion. Thus, while they look similar, all metrics suggest a potential typosquat scenario. Risk level: High).",microsoft.faster.core
npm,vue-number-animation,@opentiny,typosquat,"Possible `scope confusion` typosquat of vue-number-animation Explanation: The scoped package '@opentiny/vue-number-animation' uses the identical base name 'vue-number-animation' with only an added scope prefix, creating high potential for user confusion (is_adversarial_name: true). There is no README or documentation (no_readme: true), and the package offers no discernible new or different functionality compared to the legitimate 'vue-number-animation' (has_distinct_purpose: false). There is no indication it’s an official fork or a relocation by the original maintainers (is_fork: false, is_relocated_package: false), and 'opentiny' is not a recognized maintainer in the Vue ecosystem (is_known_maintainer: false). Because the lack of documentation and identical naming is suspicious and could be used to trick users into installing a malicious clone, we flag has_suspicious_intent as true. This package is likely a typosquat rather than a legitimate alternative (obvious_not_typosquat: false). Risk level: High.",vue-number-animation
npm,crypto,@meer-js,typosquat,"Possible scope confusion typosquat of @near-js/crypto - Explanation: The package '@meer-js/crypto' has a very similar name to '@near-js/crypto', differing by only one character, which is a common pattern in typosquatting. The namespace '@meer-js' does not clearly indicate a legitimate organization or user, and the description suggests a similar purpose related to cryptographic keys. The maintainer 'mikedotexe' is not widely recognized, adding to the suspicion.",@near-js/crypto
golang,github.com/xiu/sftp,,typosquat,"Possible typosquat of github.com/pkg/sftp Explanation: The package name 'github.com/xiu/sftp' is very similar to the legitimate 'github.com/pkg/sftp' with an edit distance of 3, indicating minor changes intended to mimic the original. Even though the descriptions are identical and functional, the minimal variation in namespace suggests intentional mimicry. Additionally, the fact that it appears to be a fork without any known maintainers further supports its classification as a typosquat with potentially deceptive intent. Risk level: High).",github.com/pkg/sftp
npm,vue-dia,,typosquat,"Possible `simplification` typosquat of vue Explanation: The package name 'vue-dia' preserves the core 'vue' prefix and adds a suffix that only slightly alters it (edit distance of 4), which falls into a pattern of compound squatting with potential for user confusion. While there is no explicit namespace conflict, the similarity in naming combined with the absence of a README (a key piece of descriptive metadata) and the lack of recognized maintainers make it suspicious. Additionally, the name suggests it is a fork (given it is based on the original core name) and does not seem to serve a distinct purpose from 'vue'. Risk level: High).",vue
npm,language-babel,,typosquat,"Possible typosquat of babel Explanation: The package 'language-babel' is labeled as a 'security holding package' and has no maintainers listed, which is often used to prevent typosquatting. The name 'language-babel' is similar to 'babel', and without additional context or legitimate maintainers, it appears suspicious.",babel
npm,multer2,,typosquat,Possible typosquat of multer,multer
npm,js-format-money,,typosquat,"Possible `sequence reordering` typosquat of format-money-js Explanation: The package names js-format-money and format-money-js use the exact same words in a swapped order, creating high confusion potential (is_adversarial_name=true). Both libraries offer identical money‐formatting functionality with no unique features (has_distinct_purpose=false) and the target shows no fork indicators (is_fork=false). The maintainer juliosilvacwb is not a known entity in this ecosystem (is_known_maintainer=false). The target includes a README, so documentation exists (no_readme=false). Because it clearly mimics the legitimate package to lure users, it exhibits suspicious intent (has_suspicious_intent=true). There is no sign this is a test tool or an official relocation (is_test=false, is_relocated_package=false). Given the low edit distance and identical purpose, it is likely a typosquat rather than a distinct or overtly forked library (obvious_not_typosquat=false). Risk level: High.",format-money-js
npm,types,@mysentry,typosquat,"Possible `scope confusion` typosquat of @sentry/types Explanation: The package '@mysentry/types' closely mimics the legitimate '@sentry/types' by merely adding a 'my' prefix, which is a classic example of adversarial naming intended to confuse users. There is no evidence in the package name or description to suggest it is a fork, has a distinct purpose, or is merely a test package. Moreover, with no README and a maintainer not clearly linked to the Sentry organization, the overall assessment is that this is suspicious.Package is adversarial and have similar purpose, so it's likely a typosquat.",@sentry/types
npm,css-unit-conversion,,typosquat,"Possible typosquat of css-unit-converter Explanation: The name css-unit-conversion differs by only one suffix from css-unit-converter and is likely to confuse users (is_adversarial_name=true). It lacks documentation (no_readme=true) and is maintained by a low-reputation account (is_known_maintainer=false). There is no indication of a legitimate fork (is_fork=false) or distinct functionality beyond overall CSS unit conversion (has_distinct_purpose=false). No testing purpose is indicated (is_test=false), and no known relocation info exists (is_relocated_package=false). Given the close name similarity, lack of README, and potential for impersonation, it should not be considered obviously not a typosquat (obvious_not_typosquat=false) and shows suspicious intent (has_suspicious_intent=true). Risk level: High.",css-unit-converter
npm,ng2-smart-table,@kazzkiq,typosquat,"Possible `scope confusion` typosquat of ng2-smart-table Explanation: The target package name ""@kazzkiq/ng2-smart-table"" is just the legitimate ""ng2-smart-table"" scoped under a different username, differing only by the prefix. This is likely a republished fork aiming to impersonate the official Akveo package. Users looking for the official package could easily be confused by the name similarity and identical functionality. The kazzkiq namespace is not a recognized Akveo maintainer, there’s no sign of a legitimate author migration, and the package duplicates all documentation and demo links from the original—suggesting a malicious or at best unauthorized fork. Therefore, it should be treated as a typosquat rather than a bona fide alternative. Risk level: High.",ng2-smart-table
npm,intersock,,typosquat,Possible typosquat of intersect,intersect
npm,vue-slider-component-bw,,typosquat,"Possible `simplification` typosquat of vue-slider-component Explanation: The package name 'vue-slider-component-bw' is extremely similar to 'vue-slider-component', with only an added suffix '-bw'. This simple augmentation can potentially deceive users by mimicking the legitimate package, making it an adversarial name. There is no indication that this suffix represents a legitimate user or fork, so it is not treated as an obvious fork, and their purposes appear identical based on the matching descriptions. The maintainer ('ivanmijatovic89') does not match any known maintainer for the original package, further increasing suspicion. The package includes a README, so no_readme is false. Overall, the minimal change in the name combined with a duplicate description supports the view that it has suspicious intent. Risk level: High).",vue-slider-component
pypi,mpldatacursor,,typosquat,"Possible typosquat of mplcursors Explanation: The package name 'mpldatacursor' is extremely similar to 'mplcursors', with just an extra 'data' substring which can mislead users. The similarity in naming and functionality (both provide interactive data cursors for Matplotlib) indicates that 'mpldatacursor' is almost an impersonation of 'mplcursors'. There is no username-based fork pattern to classify it as a fork, and the maintainers differ from the known maintainer of 'mplcursors'. Although the package has a detailed description, its purpose overwhelmingly overlaps with 'mplcursors', thus no distinct purpose is present. Overall, these factors indicate an adversarial naming with potential malicious intent. Risk level: High).",mplcursors
npm,async-line-reader,,typosquat,"Possible `simplification` typosquat of line-reader Explanation: The package name 'async-line-reader' is a very similar augmentation of 'line-reader' with the simple addition of the 'async-' prefix, which can be confusing and is a common adversarial squatting tactic. Both packages serve nearly identical purposes without distinct functionality, and the README content is nearly identical with minor differences. There is no indication that the package is a fork (e.g., no username in the package name), nor is it a test package since its documentation is intended for general usage. While the maintainer is not a widely recognized name associated with the legitimate package and there are clear similarities in description, the package appears to be intentionally imitating 'line-reader', resulting in a typosquat with suspicious intent. Risk level: High).",line-reader
maven,aether-connector-file,org.sonatype.aether,typosquat,"Possible typosquat of org.eclipse.aether:aether-connector-file Explanation: The package 'org.sonatype.aether:aether-connector-file' has an almost identical name and description to the legitimate 'org.eclipse.aether:aether-connector-file', differing only by the namespace prefix which is a known organization. This minor change is enough to potentially deceive users, indicating an adversarial name. Since the package appears to mimic the legitimate package with no additional unique features and no clear maintainers, it does not have a distinct purpose and shows suspicious intent. There is no evidence that this is a fork or that it is relocated, and it includes a valid description, so no_readme is false. Risk level: High).",org.eclipse.aether:aether-connector-file
golang,github.com/xorm-io/builder,,typosquat,"Possible typosquat of github.com/go-xorm/builder Explanation: The namespace change from github.com/go-xorm to github.com/xorm-io is minimal (only 1–2 character segments differ) and the descriptions are identical, making it easy to confuse the two. There’s no explicit fork indicator or relocation notice, and the functionality is the same SQL builder, so it doesn’t serve a distinct purpose. No testing context is present, and the maintainer org (xorm-io) isn’t clearly recognized as the legitimate go-xorm owner. The matching readme suggests copy-pasting rather than original content, pointing to impersonation intent. Risk level: High.",github.com/go-xorm/builder
npm,odderon-knex,,typosquat,"Possible typosquat of knex Explanation: The package 'odderon-knex' uses a prefix augmentation by adding 'odderon-' to the well-known package name 'knex', which is a common tactic for adversarial mimicry. Its description is identical to that of the legitimate package and it does not clearly indicate that it is a fork or has a distinct purpose. Additionally, its sole maintainer 'odderon' is not associated with the original maintainers, increasing the suspicion of a typosquat.Package is adversarial and have similar purpose, so it's likely a typosquat.",knex
npm,eslint-plugin-bdd,,typosquat,Possible typosquat of eslint-plugin-es,eslint-plugin-es
golang,github.com/shopsprint/decimal,,typosquat,"Possible `scope confusion` typosquat of github.com/shopspring/decimal Explanation: The package 'github.com/shopsprint/decimal' differs from 'github.com/ShopSpring/decimal' by only a few characters (edit distance of 3) and the namespace (shopsprint vs ShopSpring) appears to closely mimic the legitimate organization, making it potentially confusing to users. In addition, the description is nearly identical to the legitimate package, with no indication of a distinct functionality. Although the maintainers listed for the suspicious package are 'shopsprint', the similarity in naming and description points to an intentional mimic/fork intended to deceive. All these factors indicate that the package name is adversarial and that the package has suspicious intent. Risk level: High).",github.com/shopspring/decimal
npm,posthog-js,@dts,typosquat,"Possible scope confusion typosquat of posthog-js - Explanation: The package '@dts/posthog-js' uses a namespace that does not clearly indicate a legitimate organization or user. The description is similar to 'posthog-js', suggesting it might be mimicking the legitimate package. The maintainer 'dts' is not recognized as a known maintainer in the npm community, increasing suspicion.",posthog-js
npm,serverless-offline,@conio,typosquat,"Possible `scope confusion` typosquat of serverless-offline Explanation: The package '@conio/serverless-offline' uses a namespace added to an otherwise identical package name, which is likely meant to mimic 'serverless-offline'. The edit distance of 7 combined with the prefix '@conio/' creates potential for scope confusion, making it adversarial. The package appears to be a fork rather than an independent project, since it is under the '@conio' namespace and the descriptions are almost identical. There is no indication that it serves a distinct purpose or is meant for testing. Moreover, the maintainers differ from the known maintainers of 'serverless-offline', and the metadata (README, badges, etc.) closely mirrors the legitimate package, which further supports suspicious intent. Risk level: High).",serverless-offline
npm,react-dom-resize-observer,,typosquat,"Possible typosquat of react-resize-observer Explanation: The package 'react-dom-resize-observer' is almost identical to 'react-resize-observer' with a minor prefix added ('dom') that can intentionally mislead users by mimicking the legitimate package. The similarity of the names suggests an adversarial naming strategy (hence is_adversarial_name is true) and since both packages serve the same purpose, they do not have a distinct purpose. There is no indication that the package name reflects a fork (no user or organization name is appended), and it does not appear to be a test package. Additionally, the maintainers differ and the suspicious naming coupled with similar functionality raises concerns for deceptive intent (has_suspicious_intent is true). The package includes a proper README, so no_readme is false, and there is no indication of a relocated package. Risk level: High).",react-resize-observer
npm,react-facebook-login-button,,typosquat,Possible typosquat of react-facebook-login,react-facebook-login
npm,discord-selfbot-v12,,typosquat,Possible typosquat of discord.js-selfbot-v13,discord.js-selfbot-v13
npm,dusame-fulfillment-manual,,typosquat,"Possible typosquat of medusa-fulfillment-manual Explanation: The target name ‘dusame-fulfillment-manual’ is a letter-reordered variant of ‘medusa-fulfillment-manual’, creating high confusion potential. The descriptions are identical and the package lacks a README, suggesting impersonation rather than genuine differentiation. There are no fork indicators or maintainer ties to Medusa. Functionality appears identical, so it’s likely intended to trick users searching for the legitimate package. Risk level: High.",medusa-fulfillment-manual
npm,azure-arm-servicefabricmesh-samples-ts-beta,,typosquat,"Possible `simplification` typosquat of azure-arm-servicefabric Explanation: The package name 'azure-arm-servicefabricmesh-samples-ts-beta' uses the core identifier 'azure-arm-servicefabric' with additional qualifiers that may attempt to leverage the recognition of the legitimate package. The added suffixes ('mesh', 'samples', 'ts', 'beta') could be interpreted as an attempt to mimic or confuse users about its association, meeting criteria for an adversarial name. It is not marked as a fork because it does not contain an explicit username or user-specific suffix. Additionally, although the naming could imply a sample or testing utility for ServiceFabric Mesh, its description 'security holding package' does not align with typical sample code and raises further suspicion. The maintainers being listed as ['npm'] are not recognized as legitimate for the original package, and there is no clear distinction in purpose between this package and the legitimized 'azure-arm-servicefabric'. Hence, based solely on name similarity and the suspicious description, it is determined to be potentially a typosquat with malicious intent. Risk level: High).",azure-arm-servicefabric
pypi,validdocbr,,typosquat,"Possible typosquat of validate-docbr Explanation: The package name 'validdocbr' is extremely similar to 'validate-docbr' with minimal delimiter changes, making it an adversarial name likely intended to mimic the original. The descriptions are nearly identical in their purpose of validating Brazilian documents, indicating no distinct purpose. There is no sign that 'validdocbr' is a fork (no username or obvious fork indicator) and it is not a testing package. The maintainers appear to be known members in the community and the package provides proper README content. However, the close imitation of the legitimate package name combined with nearly identical metadata raises suspicion, hence has_suspicious_intent is marked true. Risk level: High).",validate-docbr
npm,react-syntax-highlighter,@fengkx,typosquat,"Possible `scope confusion` typosquat of react-syntax-highlighter Explanation: The package name '@fengkx/react-syntax-highlighter' closely mimics 'react-syntax-highlighter', only adding a namespace that could confuse users. Although the namespace belongs to an individual user (fengkx), its similarity to the legitimate package name and the nearly identical description are strong indicators of intentional mimicry. The presence of a scoped username suggests that it is being presented as a fork, rather than a completely distinct package, and the high similarity in metadata supports suspicions of typosquatting. Additionally, the edit distance of 8 reinforces that there is only a minor modification in the name and that the intent might be to mislead users. Risk level: High).",react-syntax-highlighter
npm,vue-app,@rsnuxt,typosquat,"Possible `scope confusion` typosquat of @nuxt/vue-app Explanation: The package '@rsnuxt/vue-app' is only two edits away from the legitimate '@nuxt/vue-app', and its namespace adds an extra prefix ('rs') that appears designed to mimic the original name, leading to potential confusion. This close similarity in name (adversarial name) suggests intentional mimicry. Additionally, while the name indicates a fork of the original, there is no indication that the package serves a distinct purpose and the minimal metadata further increases the likelihood of deceptive intent. The presence of a known maintainer reduces risk somewhat, but overall the name similarity and potential for confusion justify classifying it as suspicious. Risk level: High).",@nuxt/vue-app
npm,perf-ai-form-recognizer,,typosquat,"Possible typosquat of @azure/ai-form-recognizer Explanation: The package name 'perf-ai-form-recognizer' is very similar to the legitimate '@azure/ai-form-recognizer' despite an edit distance of 6, with the only variation being the prefix 'perf' replacing '@azure'. This substitution is a common adversarial tactic (using a prefix alteration that may mislead users into thinking it is related to the official package), and the description indicating 'security holding package' further raises suspicion. Although the maintainers are listed as ['npm'], which does not provide clear evidence of legitimate affiliation with @azure, the overall evidence (comparable naming structure and suspicious metadata) suggests potential typosquat intent. Risk level: High).",@azure/ai-form-recognizer
npm,stlintreact,,typosquat,"Possible `1-step D-L dist` typosquat of tslint-react Explanation: The package name 'stlintreact' is extremely similar to 'tslint-react' (only a one-character change at the start), which can deceive users by mimicking the legitimate package. This naming modification qualifies as an adversarial name due to its minimal change and potential for confusion. There is no user or organization prefix/suffix in the name, so it is not considered a fork. Given the similarity, it is assumed to be an impersonation attempt, and hence it does not have a distinct purpose separate from the original package. Although its description is minimal and contains a note 'security holding package', which is suspicious, it does not indicate it is simply for testing. The maintainers list includes 'npm', which in this context – accompanied by a security holding label – does not appear as a legitimate maintainer and lends further suspicion to its intent. No clear evidence exists of relocation to a different package name. The presence of some README text prevents marking it as lacking documentation. Overall, based solely on the package name and metadata, it appears to be an intentionally misleading package mimicking 'tslint-react', triggering high suspicion for typosquatting. Risk level: High).",tslint-react
npm,prettier,@typescript_eslinter,typosquat,Possible typosquat of @typescript-eslint/parser,@typescript-eslint/parser
npm,migg-sessionsvc,,typosquat,"Possible typosquat of egg-session Explanation: The package name 'migg-sessionsvc' and the legitimate package name 'egg-session' share a similar core concept ('session'), and 'sessionsvc' appears to mimic the functionality implied by 'egg-session'. Despite the differing prefixes ('migg' vs 'egg'), the similarity in the session-related terms along with the ambiguous nature of the 'svc' component can easily deceive users. Additionally, the package name does not include a clear username indicator that would mark it as a fork, and there is no indication of a distinct purpose since it appears aimed at handling sessions similarly. The absence of README data for migg-sessionsvc heightens the suspicion. The provided maintainer, 'mvillax', is not recognized as a known maintainer of the legitimate package, further implying potentially suspicious intent. Finally, there is no evidence that either package is a relocated package. Taken together, these metrics point to potential typosquatting and adversarial intent. Risk level: High).",egg-session
npm,photography-pro-gallery,,typosquat,"Possible typosquat of react-photo-gallery Explanation: The package name 'photography-pro-gallery' shares a significant substring with 'react-photo-gallery' (i.e. the 'photo-gallery' part), which can potentially mislead users about its lineage despite having a different prefix. The adversarial name metric is set to true because the name appears to be a reordering / addition designed to mimic the well‐known react-photo-gallery while shifting the semantic focus. It is not considered a fork because it does not include a clear username or organizational prefix that indicates it is a fork. The package description indicates it is a 'security holding package' and lacks a proper README, which further supports the idea that it is suspicious and does not serve the same well-defined purpose as the legitimate package that provides a detailed, documented React component. Additionally, the maintainers listed include 'npm', which is not regarded as a legitimate maintainer in this context. Overall, the similarities in name and the suspicious description lead to the conclusion that this is likely an intentional mimic with deceptive intent, making it a typosquat. Risk level: High).",react-photo-gallery
npm,feast-css,,typosquat,"Possible typosquat of css Explanation: The package name 'feast-css' is created by adding a prefix to the legitimate name 'css', which is a common adversarial tactic. The edit distance is high, but the pattern of prefix augmentation can confuse users. Additionally, its description 'security holding package' is suspicious and very different from the detailed and functional description of the legitimate 'css' package. The maintainers list shows it’s maintained by 'npm', which could indicate a legitimate account; however, the combination of the minimal description and adversarial naming indicates suspicious intent rather than a simple fork. Risk level: High).",css
npm,bindist,,typosquat,"Possible `1-step D-L dist` typosquat of dindist Explanation: The names differ by only one character (b→d), creating high confusion potential. bindist has no README or clear purpose and is maintained by an unrecognized author, unlike the well-documented dindist. There’s no indication of a legitimate fork or distinct use case. The lack of documentation and near-identical name suggests malicious intent, not a relocated or test package. Risk level: High.",dindist
npm,builde,,typosquat,"Possible typosquat of build Explanation: The name 'builde' differs by only one character from 'build', likely to confuse users (is_adversarial_name=true). It is not clearly distinct or a high-edit-distance alternative, so it’s not obviously safe (obvious_not_typosquat=false). There is no username/org prefix or fork indication (is_fork=false). Functionality overlaps heavily with the generic build tool and lacks unique, specialized features beyond supporting 'woofe' and 'growle' (has_distinct_purpose=false). It does not mention testing (is_test=false). The maintainer 'schwingbat' is not a recognized or reputable author in this ecosystem (is_known_maintainer=false). A README is present (no_readme=false). Although the package description is innocuous, the close name similarity suggests potential deception or name-squatting intent (has_suspicious_intent=true). There is no sign of an official relocation or trusted migration (is_relocated_package=false). Risk level: High.",build
npm,mini-css-extract-plugin-celeste-duplex-rocket,,typosquat,"Possible `simplification` typosquat of mini-css-extract-plugin Explanation: The package name 'mini-css-extract-plugin-celeste-duplex-rocket' is constructed by appending a non-typical suffix to the legitimate package name, which could confuse users into believing it is related to or a fork of 'mini-css-extract-plugin'. This suffix does not represent a recognized username or organization, so it is not classified as a fork, but rather as an adversarial twist designed to mimic the original. There is no indication that the package’s purpose is distinct from the legitimate one based on the metadata; its vague and generic description further increases suspicion. Additionally, the package does not appear to be a test package nor does it lack a README. Finally, the maintainers are not known in relation to the original package, which supports the decision of potential typosquatting with suspicious intent. Risk level: High).",mini-css-extract-plugin
npm,react-displays,@morningtrain,typosquat,"Possible typosquat of react-displace Explanation: The target name ‘@morningtrain/react-displays’ is only one character and letter-order swap away from ‘react-displace,’ making it easy to confuse, especially when scoped names are omitted. It lacks any README or documentation, shows no evidence of a legitimate fork or distinct functionality, and has unknown maintainers. All signs point toward an attempt to mimic the genuine package rather than offer a different, well-documented tool. Risk level: High.",react-displace
npm,mime-helper,,typosquat,"Possible typosquat of mime-types Explanation: The package name 'mime-helper' closely mimics 'mime-types' by retaining the common 'mime' prefix and substituting 'types' with 'helper', a 1-step transformation that could confuse users. There is no indication that the naming change reflects a distinct purpose, nor is there any username indicating it is a fork. Its extremely minimal README further adds to the suspicion, although the presence of some README content keeps no_readme as false. Additionally, the maintainer list does not include widely recognized names, making is_known_maintainer false. Overall, the similarity and ambiguous details lead to the conclusion of suspicious intent. Risk level: High).",mime-types
npm,axois,,typosquat,Possible typosquat of axios,axios
huggingface,corto-ai/nomic-embed-text-v1,,typosquat,Possible typosquat of nomic-ai/nomic-embed-text-v1,nomic-ai/nomic-embed-text-v1
npm,mersennetwister,,typosquat,"Possible `1-step D-L dist` typosquat of mersenne-twister Explanation: The target name differs only by the missing hyphen, making it extremely similar and easily confused with 'mersenne-twister'. Both packages provide the same Mersenne Twister PRNG functionality with highly overlapping documentation origins. There is no clear fork indicator (no username prefix or explicit fork mention), and it has a standard README. The maintainer is not a known ecosystem figure, and the overlap in purpose with the legitimate package strongly suggests an intent to impersonate rather than a distinct legitimate alternative. Risk level: High.",mersenne-twister
npm,angular-ngx-autocomplete,,typosquat,Possible typosquat of angular-ng-autocomplete,angular-ng-autocomplete
npm,azure-template,,typosquat,"Possible `scope confusion` typosquat of @azure/template Explanation: The package 'azure-template' is a security holding package with a name very similar to '@azure/template'. The lack of a namespace and the description suggest it could be a placeholder to prevent typosquatting. The maintainers are not known, and the name closely mimics a known organization, making it suspicious.",@azure/template
pypi,aiohttp-socksx,,typosquat,Possible typosquat of aiohttp-socks,aiohttp-socks
npm,v2-core,@ariswap,typosquat,"Possible typosquat of @uniswap/v3-core Explanation: The package '@ariswap/v2-core' has an edit distance of 3 from '@uniswap/v3-core' and the namespace appears to mimic the well‐known Uniswap branding by substituting only one character. This, along with clear similarities in naming structure and documentation mimicking Uniswap's core contracts, suggests that it is likely an intentional fork intended to cause confusion. In addition, there is no indication that the maintainers are established or that the purpose is distinct enough from the original. Therefore, based solely on the package name, it can be considered an adversarial name with potential typosquat intent. Risk level: High).",@uniswap/v3-core
npm,chartjs-chart-matrix,@hitaspdotnet,typosquat,"Possible `scope confusion` typosquat of chartjs-chart-matrix Explanation: The scoped package @hitaspdotnet/chartjs-chart-matrix uses the identical downstream name as the legitimate chartjs-chart-matrix, only adding an unfamiliar scope. This minimal change makes it highly confusing (is_adversarial_name=true). It provides no README or documentation (no_readme=true) and is maintained by an unrecognized user (@hitaspdotnet), suggesting potential malicious intent (has_suspicious_intent=true). There is no indication it’s an official fork or variant (is_fork=false), nor does it serve a distinct purpose (has_distinct_purpose=false) or relate to testing (is_test=false). It’s not a known relocation of the original package (is_relocated_package=false). Overall, it’s unlikely to be a legitimate, distinct package, and it poses a confusion risk, so it is not obviously safe (obvious_not_typosquat=false). Risk level: High.",chartjs-chart-matrix
npm,tobo-cordova-plugin-inappbrowser,,typosquat,"Possible `simplification` typosquat of cordova-plugin-inappbrowser Explanation: The package 'tobo-cordova-plugin-inappbrowser' is a clear prefix augmentation of the legitimate 'cordova-plugin-inappbrowser', which makes it highly likely to be an adversarial name intended to mimic the original. Its description closely mirrors that of the legitimate package without indicating a fork, a distinct purpose, or a testing utility. Although the maintainer appears to be a known member of the npm community, the naming similarity remains suspicious, leading to a high confidence of potential typosquatting.Package is adversarial and have similar purpose, so it's likely a typosquat.",cordova-plugin-inappbrowser
golang,github.com/spfl13/cobra,,typosquat,"Possible `scope confusion` typosquat of github.com/spf13/cobra Explanation: The package name 'github.com/spfl13/cobra' is only a two-character edit distance away from the legitimate 'github.com/spf13/Cobra', which makes it highly similar and potentially confusing. The minor difference in the namespace (spfl13 vs spf13) appears to be an intentional mimic designed to deceive users. Although the descriptions of both packages are identical, the deliberate name alteration and mismatched maintainer (spfl13 as opposed to the known spf13) suggest adversarial intent rather than a genuine fork. There is no indication of distinct functionality or a testing purpose, reinforcing that the suspicious package is likely a typosquat with malicious intent. Risk level: High).",github.com/spf13/cobra
npm,musky,,typosquat,Possible typosquat of husky,husky
npm,mini-css-extract-plugin-ursa-zenobia-mira,,typosquat,"Possible `simplification` typosquat of mini-css-extract-plugin Explanation: The package name 'mini-css-extract-plugin-ursa-zenobia-mira' extends the legitimate package name by adding a non-standard suffix that could intentionally mimic 'mini-css-extract-plugin'. Based solely on the name, the added suffix is a form of adversarial modification which can deceive users, so it is marked as adversarial. The naming pattern does not resemble a clear username (fork indication) and the description does not indicate a distinct purpose from the original plugin – in fact, it appears generic and non-informative, reinforcing potential deceptive intent. Additionally, the maintainer 'mayangsario' does not match the known maintainers of the legitimate package, raising further suspicion. Although there is a README provided, the overall metadata and name similarity suggest a typosquat with malicious intent. Risk level: High).",mini-css-extract-plugin
npm,snore-log,,typosquat,"Possible typosquat of log Explanation: The package name 'snore-log' uses a prefix augmentation ('snore-') to the legitimate package name 'log', making the names deceptively similar. There is no indication in its metadata or description that it is an intentional fork or serves a distinct purpose apart from logging. Although its maintainer appears to be a recognized npm contributor, the adversarial transformation of the name indicates a potential typosquat effort.Package is adversarial and have similar purpose, so it's likely a typosquat.",log
npm,metascraper-logo-favicon,@plaa,typosquat,"Possible scope confusion typosquat of metascraper-logo-favicon - Explanation: The package '@plaa/metascraper-logo-favicon' uses a namespace that does not clearly indicate a legitimate organization or user related to the original package 'metascraper-logo-favicon'. The description and metadata are very similar to the legitimate package, which raises suspicion of typosquatting. The maintainer 'plaa' is not recognized as a known maintainer in the npm community, adding to the suspicion.",metascraper-logo-favicon
npm,utils,@suijian,typosquat,"Possible scope confusion typosquat of utils - Explanation: The package '@suijian/utils' uses a namespace that does not clearly relate to a known organization or user, and the description is minimal and generic, which raises suspicion. The maintainer 'liam-coder' is not recognized as a known maintainer in the npm community, and the namespace does not appear to be a common development namespace. The lack of detailed description and the use of a common package name 'utils' further contribute to the suspicion of typosquatting.",utils
npm,own-version,,typosquat,"Possible `simplification` typosquat of version Explanation: The package name 'own-version' adds a prefix to the legitimate name 'version', creating a minor variation that can deceive users by mimicking the original package. The functionality and description of both packages are nearly identical, providing no distinct purpose, and the maintainers of 'own-version' are not recognized within the community. There is no indication that 'own-version' is a fork (i.e., no username-based naming pattern) and it includes a README. These factors combined lead to the conclusion that 'own-version' is a suspicious typosquat. Risk level: High).",version
npm,gulp-downloads,,typosquat,"Possible `1-step D-L dist` typosquat of gulp-download Explanation: The target name differs by only one character (‘gulp-downloads’ vs ‘gulp-download’), making it easily confusable. Both packages provide nearly identical functionality for downloading files, share similar descriptions, and the target shows no clear differentiators or legitimate forking indicators. The maintainer is not a recognized author of the original, and the package appears designed to impersonate the genuine gulp-download, indicating suspicious intent. Risk level: High.",gulp-download
npm,tasklogger,@essex,typosquat,"Possible typosquat of just-task-logger Explanation: The package '@essex/tasklogger' bears strong similarity to 'just-task-logger' by preserving the core token 'tasklogger', while the only meaningful difference is the addition of a namespace that does not clearly align with the legitimate package's identity. This similarity in naming may deceive users, thus it is marked as an adversarial name. The structure of the package name with a scope suggests it is not just a common utility but rather closely mimics the legitimate package, so its distinct purpose is unclear. Since the name does not include a clear username override typical of a fork, and given that recognized maintainers are present, it is not considered a fork nor is the maintainer indicator suspicious. The lack of a proper README further heightens concerns about suspicious intent. Overall, these factors point to the package potentially having malicious mimicry intent. Risk level: High).",just-task-logger
npm,eslint-config-standard-react,@liutsing,typosquat,Possible typosquat of eslint-config-standard-react,eslint-config-standard-react
npm,av-expo-barcode-scanner,,typosquat,"Possible simplification typosquat of expo-barcode-scanner - Explanation: The package 'av-expo-barcode-scanner' closely resembles 'expo-barcode-scanner' with only a prefix added, which could confuse users. The description is very similar to the legitimate package, and there is no clear indication of a distinct purpose or known maintainer. The namespace 'av' does not clearly indicate a legitimate organization or user, making it potentially suspicious.",expo-barcode-scanner
npm,image-editor,@antscorp,typosquat,"Possible typosquat of tui-image-editor Explanation: The package '@antscorp/image-editor' shares an identical description with 'tui-image-editor', and the names share the core 'image-editor' term. The use of a namespace (@antscorp) as a prefix fits the pattern of a fork packaging (i.e., it includes a username prefix) rather than a trivial naming pattern. However, given that the package adopts a namespace that could confuse users by mimicking the legitimate package's functionality (as evidenced by the shared description), the name is considered adversarial. The functionality appears identical, implying no distinct purpose compared to the original, and it is not a test package. The listed maintainers seem to be legitimate contributors to the scoped package, yet the overall matching metadata and intentional mimicry flag suspicious intent. There is a readme present, and there is no clear indication that the package is a relocated version of the original. Risk level: High).",tui-image-editor
npm,apollo-link-refresh-token,,typosquat,"Possible `sequence reordering` typosquat of apollo-link-token-refresh Explanation: The target name is a simple inversion of the legitimate package’s two main words, making it low edit distance and highly confusing for users. Both packages promise the same token-refresh functionality with similar API patterns. There is no indication that the target is a fork (no username or fork notice), it serves no distinct purpose, and it isn’t for testing. The maintainer “baleeds” is not a recognized author in this ecosystem, and the package’s close mimicry suggests deceptive intent rather than a legitimate relocation or variant. Risk level: High.",apollo-link-token-refresh
pypi,bindepend,,typosquat,"Possible `simplification` typosquat of bindep Explanation: The name 'bindepend' is extremely similar to the legitimate 'bindep', differing only by an added syllable, which could easily deceive users. Based solely on the name, it qualifies as an adversarial name. There is no indication that the name includes a user-specific prefix or suffix, so it should not be considered a fork. Both packages appear to target binary dependency management; however, the legitimate package has a detailed explanation while 'bindepend' only has a vague description ('Binary depedency analysis UNKNOWN'), implying a potential effort to mimic 'bindep' without offering clear distinct functionality. The maintainers of 'bindepend' include matthew.brett, which suggests known maintainership, but given the overall deception in metadata, the package has suspicious intent. The package does provide a description so it is not marked as lacking a README, and there is no evidence that it is a relocated package. Risk level: High).",bindep
npm,intl-tel-input,@mdfe,typosquat,"Possible typosquat of intl-tel-input Explanation: 1. obvious_not_typosquat: FALSE because the scoped name @mdfe/intl-tel-input is nearly identical to the well-known intl-tel-input, uses the same description and assets, and offers no clear indicator of a distinct legitimate purpose or official affiliation.2. is_adversarial_name: TRUE as users searching for intl-tel-input may easily overlook the “@mdfe/” scope prefix and install the malicious or unauthorized package by accident.3. is_fork: FALSE because there’s no explicit indication in the name or README that this is a legitimate fork of the original; it’s simply repackaged under a corporate scope without acknowledgment.4. has_distinct_purpose: FALSE since the functionality, description, and assets are copied verbatim, offering no specialized or differentiated behavior.5. is_test: FALSE—there’s no mention of testing or test utilities.6. is_known_maintainer: FALSE—the listed maintainers are unrelated to the original author (jackocnr) and have no recognizable reputation in this ecosystem.7. no_readme: FALSE—the package includes a full README.8. has_suspicious_intent: TRUE—it duplicates the original package content under a new scope, likely to mislead users into installing it unknowingly.9. is_relocated_package: FALSE—this is not an official relocation or transfer of ownership recognized by the original maintainers. Risk level: High.",intl-tel-input
npm,sql-formatter-plush,,typosquat,"Possible `1-step D-L dist` typosquat of sql-formatter-plus Explanation: The target name ‘sql-formatter-plush’ differs from ‘sql-formatter-plus’ by only one character (an extra “h”), making it easy to confuse. The functionality and config options largely mirror the legitimate fork ‘sql-formatter-plus,’ with no clear distinct purpose. There is no indication of an official fork or known maintainer, and the package appears positioned to capitalize on user typos—raising suspicion of typosquatting rather than offering a genuine, differentiated library. Risk level: High.",sql-formatter-plus
npm,unserialize,,typosquat,"Possible `prefix/ suffix augmentation` typosquat of php-unserialize Explanation: The package name 'unserialize' is extremely similar to 'php-unserialize', differing only by removal of the 'php-' prefix, which can easily mislead users into believing it is connected. This qualifies as an adversarial name given the potential for impersonation. There is no indication of a user-specific prefix/suffix to label it as a fork, and the fact that it mimics the functionality of php-unserialize (i.e. unserializing PHP data) means it does not have a distinct purpose. Its description simply states 'security holding package' with an incomplete README, further raising suspicion of malicious intent. Additionally, the maintainer is noted simply as 'npm' which does not lend credibility given the context, and there is no evidence to suggest it is a relocated package. Overall, these factors indicate that the package should be considered suspicious. Risk level: High).",php-unserialize
npm,iconsax-reactjs,,typosquat,"Possible `1-step D-L dist` typosquat of iconsax-react Explanation: The target name 'iconsax-reactjs' differs from 'iconsax-react' only by the extra letters 'js', making user confusion highly likely. Both packages offer the same 1000 icons in 6 styles for React with nearly identical READMEs and usage. There is no fork indication or distinct purpose, and the maintainer 'erfan-ee' is not the recognized owner of the original iconsax project. The package appears designed to impersonate the legitimate one, so it is a typosquat with malicious intent to confuse users. Risk level: High.",iconsax-react
npm,idex,,typosquat,"Possible typosquat of idx - Explanation: The package 'idex' has no README data, which is abnormal, and its name is very similar to 'idx', differing by only one character. The lack of description and the similarity in names suggest it could be a typosquat. The maintainer 'sudoinc' is not recognized as a known maintainer in the npm community, increasing suspicion.",idx
npm,components-advanced,@rtarojs,typosquat,"Possible `scope confusion` typosquat of @tarojs/components-advanced Explanation: The target name differs from the legitimate one by only one character (r vs t), creating high confusion potential. It provides no README content, no evidence of unique functionality, and its maintainers are not recognized as part of the official tarojs team. There is no fork indicator or test-related purpose. The package appears designed to impersonate the genuine @tarojs/components-advanced, so it’s flagged as a likely typosquat with suspicious intent. Risk level: High.",@tarojs/components-advanced
golang,github.com/boltdb-go/bolt,,typosquat,"Possible typosquat of github.com/boltdb/bolt Explanation: The package name 'github.com/boltdb-go/bolt' is very similar to the legitimate 'github.com/BoltDB/bolt' with only minor variations (edit distance 6) and a changed namespace ('boltdb-go' vs 'BoltDB') that mimics the original. While this similarity might be interpreted as a fork, the nearly identical description combined with a namespace that appears designed to resemble the original package makes it likely an intentional impersonation. With no known maintainers associated with the mimicking package and no indication that it is a testing or sanctioned fork, the package name itself is adversarial and its metadata strongly suggests suspicious intent. Risk level: High).",github.com/boltdb/bolt
npm,dzdp,,typosquat,"Possible typosquat of dup Explanation: The names differ by only two small edits (dup → dzdp), making them visually and typographically confusing. The target has no description or README, and no clear unique functionality, suggesting user confusion rather than a new purpose. There is no indication of a fork or testing utility. The maintainer (‘arvo’) is not a recognized authority in this context, and the lack of documentation combined with the close name similarity indicates a likely typosquatting attempt. Risk level: High.",dup
npm,itype,,typosquat,"Possible typosquat of type Explanation: The target name “itype” differs by only one character from “type,” making it easy to confuse (is_adversarial_name=true). Both packages serve nearly identical JS type‐checking/validation roles with no clear unique feature, so they do not have distinct purposes (has_distinct_purpose=false) and itype is not a documented fork (is_fork=false) nor a testing tool (is_test=false). The maintainer “coderaiser” isn’t a known steward of the official “type” package (is_known_maintainer=false), and the package includes a README (no_readme=false). Given the minimal edit distance and overlapping functionality, users could be tricked into installing itype instead of type, indicating suspicious intent (has_suspicious_intent=true). There’s no indication of relocation (is_relocated_package=false). Consequently, it’s not obviously safe from typosquatting (obvious_not_typosquat=false). Risk level: High.",type
npm,ts-patch-mongose,,typosquat,"Possible `simplification` typosquat of ts-patch Explanation: ts-patch-mongose shares the base 'ts-patch' but appends an extra component that appears to mimic the legitimate package. The edit distance is high but the suffix augmentation follows a compound squatting pattern. Additionally, the description 'security holding package' is suspicious and distinctly different from the detailed functionality of ts-patch. There is no indication of legitimate maintainers. These factors together signal an adversarial intent rather than being a distinct fork or a benign test package. Risk level: High).",ts-patch
npm,react-native-firebase-messaging,,typosquat,"Possible typosquat of @react-native-firebase/messaging Explanation: The unscoped name differs only by dropping the official '@react-native-firebase/' scope, making it nearly identical to the legitimate package and very likely to confuse users. Both packages share the exact same functionality and documentation, but the target is maintained by an unknown account (jzh2012) rather than the official RN Firebase team. There is no indication it’s an authorized fork or relocation, and its sole purpose appears to be impersonation, indicating malicious intent. Risk level: High.",@react-native-firebase/messaging
npm,buffer-yor,,typosquat,"Possible `1-step D-L dist` typosquat of buffer-xor Explanation: The package name 'buffer-yor' differs from 'buffer-xor' by only one character, a classic case of minor character substitution intended to mimic and confuse users. Based solely on the name similarity, it is adversarial. The package does not indicate a fork (it lacks a username in the name) and it does not serve a distinct purpose from 'buffer-xor'. Additionally, the description indicates a security holding package, reinforcing suspicion that it is intended to prevent malicious reuse while maintaining similarity to the legitimate package. Furthermore, the maintainers do not match those of 'buffer-xor', adding to the concern. Risk level: High).",buffer-xor
npm,discord.js-selfbot-dmall-v13,,typosquat,Possible typosquat of discord.js-selfbot-v13 Security holding package,discord.js-selfbot-v13
gem,hooks,,typosquat,"Possible typosquat of hookr Explanation: The package names differ by a single character (‘hooks’ vs ‘hookr’), creating high confusion potential—edit distance is low and both share the same root. Neither package includes distinguishing fork indicators or unique descriptions, and no readme is provided. The maintainer is not a well-known Ruby figure, documentation is absent, and the similarity suggests potential for user confusion or malicious impersonation rather than a legitimate distinct project. Risk level: High.",hookr
npm,discord.js12.5.3,,typosquat,"Possible simplification typosquat of discord.js - Explanation: The package name 'discord.js12.5.3' closely resembles 'discord.js' with an added version-like suffix, which could confuse users. The lack of README data and the maintainer 'noobing.js' not being recognized as a legitimate maintainer in the npm community further suggests it might be a typosquat.",discord.js
npm,segmented-control-rn,,typosquat,"Possible `sequence reordering` typosquat of rn-segmented-control Explanation: The target name segmented-control-rn is just a reordering of rn-segmented-control, making it highly confusing for users seeking the legitimate module. Both packages provide the same segmented control UI for React Native, with nearly identical README content and no indication that the target is a documented fork or variant. The maintainer is not a recognized author of the original package, and there are no signs of a legitimate relocation or distinct feature set. Given the low edit distance in name order, identical purpose, and absence of known maintainers, this appears to be a malicious typo-squatting attempt rather than a benign package. Risk level: High.",rn-segmented-control
npm,shared-ini-file-loader,,typosquat,"Possible typosquat of @smithy/shared-ini-file-loader Explanation: The package 'shared-ini-file-loader' lacks a namespace, while '@smithy/shared-ini-file-loader' has a specific namespace indicating it is part of the Smithy project. The absence of a README and the lack of known maintainers for 'shared-ini-file-loader' increase suspicion. The names are very similar, suggesting a potential typosquat.",@smithy/shared-ini-file-loader
pypi,lytekitplugins-pods,,typosquat,"Possible `1-step D-L dist` typosquat of flytekitplugins-pod Explanation: The package name 'lytekitplugins-pods' is extremely similar to 'flytekitplugins-pod', differing only by a single character substitution ('f' to 'l') and an extra plural 's', making it likely that it is intentionally mimicking the legitimate package. This qualifies as an adversarial name. The name does not include a username or organizational prefix that would indicate a fork, nor does it suggest a distinct purpose—both packages use nearly identical descriptions. Furthermore, the maintainers of 'lytekitplugins-pods' are legitimate, and there is a proper README/description. Therefore, it has suspicious intent as a potential typosquat while not meeting the criteria for a fork or a distinct-purpose package. Risk level: High).",flytekitplugins-pod
gem,rspec-parameterized-core,,typosquat,"Possible typosquat of rspec-parameterized-context Explanation: ‘rspec-parameterized-core’ and ‘rspec-parameterized-context’ differ by only one word, share a long common prefix, and could easily be confused by users installing the wrong package. There is no indication that ‘-core’ is an official fork (no username/org prefix or fork note), and no readme or descriptions are provided to clarify a distinct functionality. Both seem aimed at RSpec parameterization rather than serving a truly separate use case, so we cannot establish a clear distinct purpose. It is not a trivial testing helper package, so is_test is false. The maintainers (sue445, tomykaira, joker1007) are recognized Ruby community contributors. However, the absence of documentation combined with name similarity raises suspicion of impersonation or accidental installs, hence has_suspicious_intent is true. There is no indication of a relocated package. Risk level: High.",rspec-parameterized-context
pypi,dataeval,,typosquat,"Possible typosquat of deepeval Explanation: The package name 'dataeval' is very similar to 'deepeval' – only the first part ('data' vs 'deep') differs by a few characters, which can easily deceive users into thinking it is related to the legitimate package. It does not include any username or obvious fork indicators, so it is not marked as a fork. The functionalities described in both packages are in the evaluation domain but 'dataeval' does not clearly differentiate its purpose from 'deepeval', leading to a lack of distinct purpose. Additionally, though 'dataeval' has a well-formed README, the name similarity combined with the potential for confusion leads to a suspicion of adversarial intent. The maintainers of 'dataeval' are not clearly aligned with the official 'deepeval' team, reinforcing doubts about its legitimacy. Hence, the metrics reflect that 'dataeval' is likely an intentional mimic with a suspicious naming strategy. Risk level: High).",deepeval
npm,jake-horizon,,typosquat,"Possible typosquat of jake Explanation: The package 'jake-horizon' is described as a 'security holding package', which often indicates a placeholder to prevent typosquatting. The name 'jake-horizon' is similar to 'jake' with an additional word, which could confuse users. There is no indication of a distinct purpose, intentional play on words, or known maintainers, making it likely a typosquat.",jake
npm,solidity-comments-extractors,,typosquat,"Possible grammatical substitution typosquat of solidity-comments-extractor - Explanation: The package 'solidity-comments-extractors' differs from 'solidity-comments-extractor' by a single character addition ('s'), which is a common pattern in typosquatting. The descriptions are identical, suggesting no distinct purpose or intentional variation. The maintainer 'ruslan-dev' is not recognized as a known maintainer in the npm community, increasing suspicion.",solidity-comments-extractor
golang,github.com/pion/webrtc/v3,,typosquat,"Possible typosquat of github.com/pions/webrtc Explanation: The package name 'github.com/pion/webRTC/v3' is extremely similar to 'github.com/pions/webrtc' – the only differences being a minor omission/addition ('pion' vs 'pions'), capitalization differences, and an appended '/v3'. Such variations fall under common adversarial techniques including minor character modifications and delimiter augmentation that could easily confuse users. Furthermore, although the '/v3' suffix might hint at a fork or version evolution, the absence of any known maintainers coupled with the identical scope and lack of distinct purpose compared to the legitimate package makes it likely that this was intentionally designed to mimic and mislead. Based solely on the package name analysis, this package is considered to have suspicious intent. Risk level: High).",github.com/pions/webrtc
npm,react-native-swipeable-lists,,typosquat,"Possible `1-step D-L dist` typosquat of react-native-swipeable-list Explanation: The target name differs by only a trailing “s,” making it highly confusing with the legitimate react-native-swipeable-list. Both provide the same core functionality (swipeable lists) with no clear new features or fork indicators. The package includes a README but appears intended to impersonate the legitimate module, suggesting malicious typosquatting rather than a distinct, unrelated project. Risk level: High.",react-native-swipeable-list
npm,echarts-snack,,typosquat,"Possible `simplification` typosquat of echarts Explanation: The package 'echarts-snack' uses a suffix ('-snack') attached to the well-known 'echarts' name, which can confuse users by mimicking the original package. Its description is nearly identical to that of 'echarts', indicating it does not offer a distinct purpose. There is no indication that the suffix refers to a username (to qualify as a fork), nor does it point to a testing purpose. The maintainers ('wuba_fe') do not appear to be recognized as legitimate for 'echarts'. Since the readme is present, no_readme is false, but the similarity in naming and metadata suggests a suspicious, adversarial intention. Risk level: High).",echarts
npm,buffer-xoz,,typosquat,"Possible `1-step D-L dist` typosquat of log-buffer Explanation: The package name 'buffer-xoz' closely mimics the structure of 'log-buffer' with minor alterations, which can deceive users. The adversarial similarity in the name (e.g. delimiter and word reordering) triggers the adversarial_name flag. The package is not considered a fork because there is no indication of an official split or clear author association, and the maintainer does not match that of the legitimate package. Additionally, the package appears as a security holding package lacking useful purpose or clear differentiation from 'log-buffer', and it contains metadata suggestive of suspicious intent. Therefore, this package is flagged as a potential typosquat. Risk level: High).",log-buffer
npm,cost-led,,typosquat,"Possible typosquat of code-red Explanation: The package 'cost-led' is very similar in structure to 'code-red', with minor character substitutions that could easily confuse users. Based solely on the name similarity, it qualifies as an adversarial name. There is no evidence in the naming (such as a user prefix/suffix) that it is a fork, and its description does not clarify any distinct purpose from 'code-red'. The minimal README increases its suspicious profile, while the maintainer ('dollyerls') is not a known or widely recognized maintainer associated with the legitimate package. Therefore, with the high similarity in name and minimal distinguishing information in its metadata, cost-led is considered to have suspicious intent as an apparent mimic of code-red. Risk level: High).",code-red
npm,next-bundle-analyzer,,typosquat,Possible typosquat of @next/bundle-analyzer,@next/bundle-analyzer
npm,better-koa-session,,typosquat,"Possible `simplification` typosquat of koa-session Explanation: The package 'better-koa-session' is very similar to 'koa-session', with the only difference being the prefix 'better-'. This prefix augmentation could confuse users as it mimics the original package, and its description closely mirrors that of 'koa-session', indicating it serves a similar purpose. There is no indication that the package name includes a username as else being a fork, nor does it present a distinct purpose. The maintainer ('nukr') is not recognized as a known maintainer of the legitimate package, raising further suspicion. Overall, the similarity in name and description suggests adversarial intent. Risk level: High).",koa-session
npm,nodmeon,,typosquat,"Possible `1-step D-L dist` typosquat of nodemon Explanation: The package name 'nodmeon' differs only by a minor character permutation compared to 'nodemon', which makes it an adversarial name likely intended to deceive users. It shows no indication of being a fork (no username prefix/suffix) and appears to mimic 'nodemon' rather than serving a distinct purpose. The description 'security holding package README:' is sparse and suspicious, suggesting malicious intent rather than a legitimate update. Furthermore, although the maintainer is listed as 'npm', in this context that is not considered a known legitimate maintainer due to the suspicious nature of the package. Overall, these factors point toward potential typosquatting. Risk level: High).",nodemon
npm,trialzen-react-pivottable,,typosquat,Possible typosquat of react-pivottable,react-pivottable
npm,eslint-plugin-diff,@maxerbox,typosquat,Possible typosquat of eslint-plugin-diff,eslint-plugin-diff
npm,bowserify,,typosquat,Possible typosquat of browserify,browserify
golang,github.com/sofa-security/trivy,,typosquat,"Possible typosquat of github.com/aquasecurity/trivy Explanation: The package 'github.com/sofa-security/trivy' has a name that is strikingly similar to 'github.com/aquasecurity/trivy', differing only by the organization prefix ('sofa-security' vs 'aquasecurity'). This similarity is likely to deceive users, hence it is considered an adversarial name. Furthermore, since both packages use the same core name 'trivy' and seem to target the same functionality, they do not serve a distinct purpose. The naming pattern (using an organization name) does not clearly indicate a fork, but rather an attempt to mimic the legitimate package. The lack of README or description information further raises suspicion regarding its intent. Also, no known maintainers are associated with the suspicious package. Therefore, overall, the metrics indicate potential typosquatting and adversarial behavior. Risk level: High).",github.com/aquasecurity/trivy
nuget,dotnetcore.natasha.csharpcompiler,,typosquat,"Possible `delimiter modification` typosquat of dotnetcore.natasha.csharp.compiler Explanation: The target name differs from the legitimate one by only a missing dot, creating high confusion potential. There’s no description or maintainers listed, suggesting poor documentation and possible impersonation. It doesn’t signal a fork or distinct functionality and is not a testing package. These factors point to a likely typosquat with suspicious intent. Risk level: High.",dotnetcore.natasha.csharp.compiler
npm,iron-silence-my5,,typosquat,"Possible typosquat of iron-session Explanation: The package 'iron-silence-my5' shares the 'iron-' prefix with 'iron-session' and its overall structure mimics the legitimate package by only altering the latter portion of the name. The similarity through prefix and slight modification makes it potentially confusing to users, triggering the adversarial name flag. There is no indication in the name that the package is a fork (e.g. it does not include a username or specific organizational indicator), nor does it serve a clearly distinct purpose; its minimal README does not provide details to distinguish its use case. Additionally, the maintained list does not include known maintainers from the iron-session project. Therefore, the metrics are set to indicate potential typosquatting with suspicious intent. Risk level: High).",iron-session
npm,html2canvas,@cantoo,typosquat,Possible typosquat of html2canvas,html2canvas
npm,node-smtp-mailer,,typosquat,"Possible typosquat of nodemailer Explanation: The package name 'node-smtp-mailer' is very similar to 'nodemailer', with only an additional 'node-' prefix and 'smtp' descriptor. This similarity in naming, combined with almost identical descriptions including the same README content and external links to nodemailer, makes it likely an intentional mimic meant to deceive users. Although the maintainer ('cristr') appears to be a recognized user, the overall similarities indicate possible adversarial intent. There is no evidence of a fork indicator (such as a username in the package name) and they do not serve distinct purposes. Additionally, the presence of a proper README makes it non-test and not a relocated package. Risk level: High).",nodemailer
npm,ethers,@vechain,typosquat,"Possible `scope confusion` typosquat of ethers Explanation: The package '@vechain/ethers' has a namespace that may be interpreted as mimicking a known organization or piggybacking on the legitimate 'ethers' package by incorporating it within the scope. The edit distance is relatively high (9), but the use of the organizational scope combined with nearly identical description and metadata to 'ethers' suggests an intentional attempt to mislead users. The provided maintainers seem to be established; however, the combination of factors—especially the scope addition and identical content—indicates it is more likely a fork with adversarial intent rather than a benign, distinct project. Risk level: High).",ethers
pypi,iolite,,typosquat,"Possible `1-step D-L dist` typosquat of biotite Explanation: The package name 'iolite' is extremely similar to 'biotite' given that it only lacks the leading 'b', which makes it highly likely to confuse users. This similarity qualifies it as an adversarial name. There is no indication that 'iolite' is truly a fork (such as having a username in its name) and it does not demonstrate a distinct purpose as it appears to mimic the legitimate package. The description in 'iolite' is minimal (‘todo # iolite TODO’) compared to the comprehensive description in 'biotite', further raising suspicions regarding malicious intent. The maintainer 'huntzhan' does not match known maintainers of 'biotite', enhancing the chance of this being a deceptive package. Risk level: High).",biotite
npm,raect,,typosquat,"Possible `1-step D-L dist` typosquat of react Explanation: The name 'raect' is only one edit away from 'react' and employs a simple character transposition, which is a common adversarial tactic. Its description mimics React's purpose, but intentionally introduces a twisted tone and phrasing that implies it is a fork rather than a legitimately distinct project. Additionally, the single maintainer and the overall attempt to mimic React's well-known identity further support the conclusion of typosquatting with deceptive intent. Risk level: High).",react
npm,reedux,,typosquat,"Possible `1-step D-L dist` typosquat of redux Explanation: The package name 'reedux' is only a one-character modification from 'redux', which is enough to confuse users and mimic the original. Based solely on the name, it qualifies as an adversarial name because of the minimal change (1-step Levenshtein distance) and potential for mimicry. While the description outlines a similar concept (dealing with Redux store paths and reducers), it does not offer a clearly distinct functionality from the core 'redux'. Additionally, the package appears to be a fork (given the resemblance and minimal differences) and its renaming seems intended to leverage the popularity of 'redux'. The suspicious naming combined with the characteristics outlined indicate potential deceptive intent. Risk level: High).",redux
npm,guru,,typosquat,"Possible typosquat of gud Explanation: The package name 'guru' is only one character different from 'gud', which can easily cause user confusion, and therefore its name is considered adversarial. There is no indication from the name structure (e.g., username prefix/suffix) that 'guru' is a fork of 'gud'. Furthermore, 'guru' does not provide a distinct purpose: its deprecated status and its hanging on to the name suggest that it is impersonating or mimicking 'gud'. In addition, the description includes language about preventing malicious use, raising further suspicion. While a README exists, the overall similarity in naming, the lack of a unique purpose, and the potential for deception lead to marking it as suspicious. Risk level: High).",gud
npm,core,@desia,typosquat,Possible typosquat of @nestia/core,@nestia/core
npm,react-native-cameras,,typosquat,"Possible `1-step D-L dist` typosquat of react-native-camera Explanation: The package name 'react-native-cameras' is extremely similar to 'react-native-camera', differing only by an extra 's'. This minor alteration falls under adversarial naming (1-step Levenshtein and compound squatting). There is no indication in the package's metadata that it is a fork or has a distinct purpose, and its lack of README does not clear suspicion. The presence of a known maintainer does not mitigate the risk associated with the confusing name similarity.Package is adversarial and have similar purpose, so it's likely a typosquat.",react-native-camera
npm,aws-sdk,@webiny,typosquat,"Possible `scope confusion` typosquat of aws-sdk Explanation: Although the '@webiny' namespace appears to be a valid organizational scope with known maintainers, the package name '@webiny/aws-sdk' effectively appends the well‐known 'aws-sdk' to its scope. This naming strategy, combined with an edit distance that suggests purposeful mimicry and a very succinct description ('Wrapper for AWS SDK'), indicates that the package could potentially deceive users into thinking it is the original or a direct variant of 'aws-sdk'. The use of the legitimate package’s name in a different scope creates scope confusion and resembles adversarial naming patterns, which makes it likely a fork engineered for deceptive purposes. Risk level: High).",aws-sdk
npm,babel-eslint-parser,,typosquat,"Possible scope confusion typosquat of @babel/eslint-parser - Explanation: The package 'babel-eslint-parser' closely mimics the name of the legitimate package '@babel/eslint-parser' without a clear distinction in purpose or namespace. The description of 'babel-eslint-parser' is a direct copy of '@babel/eslint-parser', which is highly suspicious. The maintainer 'imhele' is not a known maintainer in the npm community, adding to the suspicion.",@babel/eslint-parser
npm,protractor-jasmine2-screenshot-report,,typosquat,"Possible `prefix/ suffix augmentation` typosquat of protractor-jasmine2-screenshot-reporter Explanation: The target name differs by only one character (‘report’ vs ‘reporter’) creating high confusion potential (is_adversarial_name: true). The functionality, README content, and usage instructions are essentially identical, so it’s not a distinct purpose or a legitimate fork. The package clearly includes documentation, but the maintainer ‘alexnew’ is not a known Protractor or Jasmine2 contributor. There are no relocation indicators. Overall this is a typosquat impersonating protractor-jasmine2-screenshot-reporter, hence not obviously legitimate and showing suspicious intent. Risk level: High.",protractor-jasmine2-screenshot-reporter
npm,react-html2pdf.js,,typosquat,"Possible `simplification` typosquat of html2pdf.js Explanation: The package name 'react-html2pdf.js' is a close mimic of the legitimate 'html2pdf.js' by simply adding the 'react-' prefix. This type of prefix augmentation can deceive users, making it an adversarial name. There is no indication that it is a fork based on a username or organizational scope, and its intended purpose appears to be a React-specific version rather than offering distinct functionality. Furthermore, the description is labeled as a 'security holding package', which is suspicious and strongly suggests malicious intent. The maintainers list is empty, adding to the concern. Risk level: High).",html2pdf.js
npm,filtrex,@wmakeev,typosquat,"Possible `scope confusion` typosquat of filtrex Explanation: The scoped package @wmakeev/filtrex is nearly identical in name and content to the unscoped official package filtrex (same README, descriptions and usage). The addition of a scope prefix (wmakeev) is a minimal change that still confuses users, indicating adversarial intent. There’s no indication it’s a legitimate fork or that it provides distinct functionality. The maintainer is not a known author of the original project, and the duplicate documentation shows impersonation rather than proper relocation, so it is flagged as a typosquat with suspicious intent. Risk level: High.",filtrex
npm,chartjs-plugin-crosshair,@omgduke,typosquat,"Possible `scope confusion` typosquat of chartjs-plugin-crosshair Explanation: Both packages share the same base name and nearly identical functionality. The only difference is the addition of the '@omgduke' scope, which is a minor modification that could be used to mimic the official package. There is no evidence that the scoped package is explicitly marked as a fork, nor does it have a distinct purpose or serve testing functions. Additionally, while the maintainer is identified as 'omgduke', the similarity in naming is potentially adversarial and deceptive. Therefore, the package name is suspicious.Package is adversarial and have similar purpose, so it's likely a typosquat.",chartjs-plugin-crosshair
npm,json-viewer-vue3,,typosquat,"Possible `sequence reordering` typosquat of vue3-json-viewer Explanation: The two names differ only by word order and share identical descriptions and feature sets, making them easily confusable (is_adversarial_name=true). The target package appears to directly copy the functionality and documentation of the legitimate vue3-json-viewer without any clear fork attribution (is_fork=false) or distinct features (has_distinct_purpose=false). The maintainer is not a recognized author (is_known_maintainer=false), and the package includes a README, so it’s not undocumented (no_readme=false). Given the copy-and-paste nature and potential for user confusion, we flag suspicious intent (has_suspicious_intent=true). It is not simply a testing package (is_test=false) nor a known ecosystem relocation (is_relocated_package=false). Consequently, this is likely a typosquat rather than an obvious non-typosquat alternative. Risk level: High.",vue3-json-viewer
npm,camelcasify,,typosquat,"Possible typosquat of camelcase Explanation: The package name 'camelcasify' is highly similar to 'camelcase', differing only by a suffix ('ify') which is a common tactic in adversarial naming to mimic well-known packages. Although its functionality (converting objects to camel case keys) differs somewhat from 'camelcase' (which converts string formats), it still serves a similar high-level purpose, reducing its distinct utility. There is no indication of fork derivation from username prefixes, nor is there evidence of testing or relocation. The metadata is designed to mirror 'camelcase', potentially confusing users, and the presence of a README does not mitigate these concerns. The sole maintainer listed does not provide additional legitimacy in the absence of broader community validation. Thus, the metrics flag it as suspicious with adversarial naming intent. Risk level: High).",camelcase
npm,bootstrap-just-css,,typosquat,"Possible `semantic substitution` typosquat of bootstrap-css-only Explanation: The two packages have nearly identical names differing only by ‘just’ vs ‘only’ and serve the same function (Bootstrap CSS only). This minimal variation creates strong confusion potential for users seeking the legitimate bootstrap-css-only module. No fork indicators or distinct features exist, and the maintainer is not a recognized owner of the original project, suggesting opportunistic intent rather than a genuine alternative. Risk level: High.",bootstrap-css-only
npm,donkey-puppeteer-core,,typosquat,Possible typosquat of puppeteer-core,puppeteer-core
npm,gate-dev,,typosquat,"Possible `1-step D-L dist` typosquat of save-dev Explanation: The package name 'gate-dev' is extremely similar to 'save-dev' (edit distance of 2) and employs minor character modifications that can easily mislead users, making it an adversarial name. Despite the similarity in name indicating it may be a fork, the absence of a README and the mimicry of a security holding package in the legitimate package's metadata raise concerns. Additionally, the listed maintainer does not appear to be a widely recognized or affiliated maintainer, further increasing suspicion despite the possibility of it being an intentional fork. Risk level: High).",save-dev
pypi,jaqmc,,malware,"Possible typosquat of jamo Explanation: The package name 'jaqmc' is highly similar to 'jamo', sharing the same prefix and having only minor alterations that could easily deceive users. The similarities in naming indicate an adversarial intent, and since there is no username or clear indication that it is an officially affiliated fork, it is not regarded as a legitimate fork. In addition, 'jaqmc' appears to have a suspicious, minimal description ('x xxx') that does not clarify a distinct functional purpose compared to 'jamo', which is a well-documented Hangul syllable and jamo analysis library. The maintainer 'spam4232' is not recognized as a known maintainer in the legitimate ecosystem, further raising concerns. Although a description exists, its lack of informative content combined with the adversarial naming leads to a judgment of potential typosquatting with malicious intent. Risk level: High).",jamo
npm,npm-cnof,,malware,Possible typosquat of npm-conf,npm-conf
npm,ngx-infinite-scroll-fixed,,malware,"Possible `simplification` typosquat of ngx-infinite-scroll Explanation: The package 'ngx-infinite-scroll-fixed' is labeled as a 'security holding package', which often indicates it was created to prevent typosquatting. The name is very similar to 'ngx-infinite-scroll', with only the addition of '-fixed', which could confuse users. The maintainer 'npm' is not a known individual or organization, increasing suspicion. There is no indication of a distinct purpose or that it is a fork or test package.",ngx-infinite-scroll
npm,hardhat-deploy-others,,malware,"Possible `homographic replacement` typosquat of hardhat-deploy-ethers Explanation: The package 'hardhat-deploy-others' has a name very similar to 'hardhat-deploy-ethers', differing by only one letter, which is a common pattern in typosquatting. Additionally, the lack of README data and the unknown maintainer 'dextester123456' contribute to the suspicion. There is no indication of a distinct purpose, intentional play on words, or known maintainer, making it likely a typosquat.",hardhat-deploy-ethers
npm,reacta-ollo,,malware,"Possible typosquat of react-apollo Explanation: The package name 'reacta-ollo' is extremely similar to 'react-apollo' with only minor modifications, making it easily confused with the legitimate package. Its name follows adversarial patterns such as asemantic substitution and compound squatting. Additionally, the description includes 'security holding package', which is a red flag for suspicious intent. Although it is flagged as a fork based solely on the name similarity, it does not offer a distinct purpose. The maintainers listed as ['npm'] do not match the known maintainers of react-apollo, reinforcing the suspicion. Risk level: High).",react-apollo
npm,schibsted-ufo,,malware,"Possible typosquat of @atlaskit/ufo Explanation: The package name 'schibsted-ufo' closely mimics '@atlaskit/ufo' by retaining the core 'ufo' component while changing the namespace to one that might be mistaken for a legitimate organization, which meets criteria for an adversarial name. The description 'security holding package' further raises suspicion even though it is a fork of the original. The fact that there are no legitimate maintainers listed increases doubts about its veracity. Therefore, it is considered a typosquat with an adversarial name and suspicious intent. Risk level: High).",@atlaskit/ufo
npm,seo-pwa,,malware,"Possible typosquat of next-pwa Explanation: The package name 'seo-pwa' closely mimics 'next-pwa' by retaining the '-pwa' suffix while only changing the prefix. This similarity is potentially confusing as it may be used to impersonate the legitimate package. There is no clear username or scope indication to label it as a fork, and its description ('security holding package') deviates from the detailed, feature-rich description of 'next-pwa', suggesting a suspicious intent. The different semantic meaning also implies that it does not offer a distinct purpose; rather, its naming seems designed to mislead. Additionally, the listed maintainer 'npm' is not considered a legitimate maintainer in this scenario and the lack of a substantive README further increases suspicion. Therefore, the metrics have been set accordingly. Risk level: High).",next-pwa
npm,azure-event-hubs-browser,,malware,Possible typosquat of @azure/event-hubs Explanation: The package 'azure-event-hubs-browser' is a security holding package with a name similar to '@azure/event-hubs'. The lack of a distinct description and the use of a common namespace without clear differentiation suggest it could be a typosquat. The maintainer 'npm' does not provide enough legitimacy to rule out suspicion. Security holding package,@azure/event-hubs
npm,dazaar-resolve,,malware,"Possible `simplification` typosquat of resolve Explanation: The package 'dazaar-resolve' is a security holding package with a name that closely resembles 'resolve'. The description does not provide any distinct purpose, and the maintainer 'npm' does not clarify its legitimacy. The lack of additional context or namespace suggests it could be a typosquat. Security holding package. Closed as malware",resolve
npm,api-discord.js-v14,,malware,"Possible typosquat of discord.js Explanation: The package name 'api-discord.js-v14' uses a prefix ('api-') and a version suffix ('-v14') added to the legitimate 'discord.js', which is a typical pattern for mimicking an established package via minor modifications. With an edit distance of 8 and the clear resemblance to 'discord.js', it appears to be an intentional fork (or mimicry) rather than a completely distinct project. The maintainers are not clearly recognized in the broader community, and the absence of README data further raises suspicion. Based solely on the package name and its presentation, it has characteristics of an adversarial name designed to confuse users, likely indicating typosquat behavior. Risk level: High).",discord.js
npm,sdm.vendor.lds,,malware,"Possible typosquat of vendors Explanation: The package name 'sdm.vendor.lds' includes additional namespace elements that appear designed to mimic the legitimate 'vendors' package, constituting an adversarial transformation. The similarity and the modification of the name can deceive users, and the description 'security holding package' is suspiciously vague and resembles a tactic to hide malicious intent. There is no indication that the package is a fork (no clear username-based prefix/suffix), and the purpose is not distinct from the original 'vendors' package as it seems to mimic it. The maintainers list only includes 'npm', which in context does not provide legitimacy, and the lack of an informative README contributes to the suspicion. Therefore, the metrics point towards a likely typosquat with malicious intent. Risk level: High).",vendors
npm,axios-oauth,,possible_typosquat,"Possible typosquat of axios-oauth-client Explanation: 1. obvious_not_typosquat: FALSE because the names differ only by the “-client” suffix (low edit distance) and the target package’s code is minimal and unrelated to axios, making it suspicious rather than clearly distinct. 2. is_adversarial_name: TRUE since “axios-oauth” is visually and semantically very close to “axios-oauth-client,” likely to confuse users searching for the legit package. 3. is_fork: FALSE; no username/org prefix or explicit fork notice is present in the name or metadata. 4. has_distinct_purpose: FALSE; both claim to offer OAuth support for axios, and the target package does not exhibit a clearly different or specialized use case beyond what the legit package provides. 5. is_test: FALSE; neither name nor description indicates any testing functionality. 6. is_known_maintainer: FALSE; the maintainer “dht” is not a recognized or reputable author in this ecosystem. 7. no_readme: FALSE; a minimal readme/code snippet is present, so it is not completely undocumented. 8. has_suspicious_intent: TRUE; the package name promises axios OAuth helpers but delivers only hard-coded Spotify URLs and a bespoke OAuth.create API, suggesting intent to mislead. 9. is_relocated_package: FALSE; there is no indication this is a known relocation of a previously published package. Risk level: High.",axios-oauth-client
npm,sbb-esta,,malware,"Possible typosquat of svg-jest Explanation: The package name 'sbb-esta' is extremely similar to 'svg-jest', differing only by minimal character changes that can easily mislead users, thus it is considered an adversarial name. There is no indication that 'sbb-esta' is a fork (e.g., it does not include a username or other identifying token that ties it directly to the legitimate package). The descriptions, however, are vastly different – 'svg-jest' is a well-described library for transforming SVG files for Jest, while 'sbb-esta' is labeled as a ""security holding package"" which raises suspicion. Additionally, the suspicious package does not serve a distinct purpose from the legitimate one, as its intent appears to impersonate 'svg-jest'. The maintainer for 'sbb-esta' is listed as 'npm', which in this context is not considered a known legitimate maintainer, especially for a security holding package. Finally, while 'sbb-esta' does have a README, the overall metadata and naming similarity contribute to the conclusion of potential typosquatting with malicious intent. Risk level: High).",svg-jest
npm,zzh-layout,,anomaly,"Possible `simplification` typosquat of layout Explanation: The package name 'zzh-layout' is similar to 'Layout' but adds a prefix, making it potentially adversarial. The lack of a README and the error message indicate it may not serve a clear purpose, raising suspicion. However, the maintainer is known in the community, which slightly reduces the suspicion level.",layout
npm,bank_cron,,malware,"Possible `simplification` typosquat of cron Explanation: The package name 'bank_cron' is only a minor modification of 'cron' by adding a prefix, which constitutes a common form of typosquatting (compound squatting). The modified name can easily confuse users into thinking it is related to or a fork of the legitimate 'cron' package. The description 'security holding package' is suspicious and hints at a malicious intent. There is no namespace or clear organizational indicator that would legitimize 'bank_cron' as an official fork, and with no maintainers listed, it further raises suspicion. Risk level: High).",cron
npm,left-pad-browser,,malware,"Possible `simplification` typosquat of left-pad Explanation: The package 'left-pad-browser' lacks a description and has a name that closely resembles 'left-pad', which could confuse users. The maintainer 'ltdltd' is not recognized as a known maintainer in the npm community, and there is no indication of a distinct purpose or intentional play on words. The absence of README data further adds to the suspicion.",left-pad
npm,eva.io-core,,malware,"Possible typosquat of @date-io/core Explanation: The package 'eva.io-core' has a name that could be confusingly similar to '@date-io/core', especially with the 'io-core' component. The description 'security holding package' suggests it might be a placeholder to prevent typosquatting, but without more information, it remains suspicious. The maintainer 'npm' does not provide enough context to determine legitimacy. The namespace and naming do not clearly indicate a distinct or legitimate purpose.",@date-io/core
npm,prettyby6es,,malware,"Possible `1-step D-L dist` typosquat of pretty-bytes Explanation: The package name 'prettyby6es' is a clear attempt to mimic 'pretty-bytes' by substituting '6' for 'b' and removing the hyphen, which can easily confuse users. The description indicates it is a 'security holding package', which raises suspicion. Although it has known maintainers, the name and description suggest it is intended to mislead users.",pretty-bytes
npm,ts-patch-moongoose,,malware,"Possible typosquat of ts-migrate-mongoose Explanation: The package name ts-patch-moongoose is very similar to the legitimate ts-migrate-mongoose, with subtle character changes (e.g., replacing 'migrate' with 'patch' and modifying 'mongoose' to 'moongoose') that could easily confuse users. Its edit distance of 7 and the intentional mimicry indicate an adversarial naming strategy. Additionally, the description 'security holding package' adds a layer of suspicious intent, and the fact that no known maintainers are associated further raises concerns. This combination of factors leads to the conclusion that ts-patch-moongoose is likely a fork intended to deceive users rather than serving a distinct purpose. Risk level: High).",ts-migrate-mongoose
npm,schibsted-style,,malware,"Possible typosquat of geostyler-style Explanation: The package name 'schibsted-style' appears to be designed to closely mimic 'geostyler-style' by modifying the organization/user part while keeping the '-style' suffix intact. This follows patterns of impersonation squatting or compound squatting. Furthermore, its description as a 'security holding package' is particularly suspicious and is a common indicator of malicious intent or deceptive design. The lack of declared maintainers further amplifies the concern. Although the functionality might be intended as a fork, the similarity in name and suspicious metadata suggest that it may be an intentionally deceptive typosquat. Risk level: High).",geostyler-style
npm,bernie-core,,malware,"Possible typosquat of aigle-core Explanation: The two package names share a common pattern with the '-core' suffix, and the similarity in formatting makes it possible for users to confuse them. The replacement of 'aigle' with 'bernie' appears to be an adversarial transformation aimed at mimicking the legitimate package, which flags a suspicious pattern. There is no indication (such as a username in the package name) that 'bernie-core' is an authorized fork, and the distinct purpose criterion is not satisfied given the apparent intent to impersonate. Additionally, the lack of README data and the minimal descriptive information further increase the suspicion. Even though the maintainers list includes 'hberni', it does not align with the known maintainer of 'aigle-core', reinforcing the possibility of typosquatting. Risk level: High).",aigle-core
npm,react-data-grid-eppsta,,malware,"Possible `simplification` typosquat of react-data-grid Explanation: The package name 'react-data-grid-eppsta' closely mimics 'react-data-grid' by adding a suffix, which can mislead users into thinking it is related. The adversarial transformation in the name qualifies as an intentional mimic. Although the name looks similar, it is not considered a fork because the suffix 'eppsta' does not indicate an official or recognized username from the legitimate project. Its purpose is not distinct, as the description indicates it is a security holding package rather than offering a different functionality. Furthermore, the use of a security holding message and the fact that the maintainer is listed as 'npm' (which is not to be considered a genuinely known maintainer for such cases) add to the suspicious intent. The package does have a README, so no_readme is false. There is no evidence of package relocation. Taken together, these metrics indicate that 'react-data-grid-eppsta' is potentially a typosquat designed to confuse users. Risk level: High).",react-data-grid
npm,loaddash,,malware,"Possible `1-step D-L dist` typosquat of lodash Explanation: The package name 'loaddash' differs from 'lodash' by only a minor alteration, making it extremely similar and potentially confusing (a one-step Levenshtein change). Based solely on the name, it fits the criteria for an adversarial name. Moreover, it appears to be a fork of 'lodash' without introducing additional or distinct functionality. The presence of a suspicious description ('security holding package') further reinforces its deceptive intent. The listed maintainer 'npm' does not align with known lodash maintainers, adding to the suspicion. Risk level: High).",lodash
npm,ts-patch-mongoos,,malware,"Possible `simplification` typosquat of ts-patch Explanation: The package name 'ts-patch-mongoos' is created by appending a suffix to the legitimate 'ts-patch', which is a common typosquatting technique. Despite an edit distance of 8, the suffix augmentation can confuse users since it mimics the original name. Furthermore, the package description indicates it is a ""security holding package"" rather than a legitimate fork or a clearly distinct project. The lack of known maintainers further supports suspicion. Therefore, based solely on the package name and metadata, this package is classified as an adversarial name with suspicious intent and is considered an obvious fork rather than a package with a distinct purpose or a test package. Risk level: High).",ts-patch
npm,runtlcontribconcat,,malware,"Possible typosquat of grunt-contrib-concat Explanation: The package name 'runtlcontribconcat' is extremely similar to the legitimate 'grunt-contrib-concat' and appears to be formed by minor alterations (e.g., replacing 'grunt' with 'runtl'), which indicates an adversarial mimic. The similarity is sufficient to confuse users, so obvious_not_typosquat is false and is_adversarial_name is true. The package name does not include a typical username or organizational prefix/suffix indicative of a fork, so is_fork is false. Given the resemblance aimed at impersonation and the fact that its purpose is not distinct from the original but rather meant to deceive, has_distinct_purpose is false. There is no indication that it is a test package (despite a brief mention of a 'security holding package' in the description) so is_test is false. The maintainer is listed as 'npm', which in this context and the description 'security holding package' raises suspicion and is not considered a sign of a legitimate maintainer, so is_known_maintainer is false. The package appears to include a README marker, so no_readme is false. The security related vague description and mimicry suggest malicious intent, making has_suspicious_intent true. There is no indication this is a relocated package, so is_relocated_package is false. Risk level: High).",grunt-contrib-concat
npm,graprqltag,,malware,"Possible `1-step D-L dist` typosquat of graphql-tag Explanation: The package name 'graprqltag' is nearly identical to 'graphql-tag' with only minor character differences that can easily deceive users. This qualifies as an adversarial name since it features a one-step modification that may confuse users into thinking it is related to the legitimate package. There is no indication of a username or explicit fork marker in the package name, and it does not present a distinct purpose compared to 'graphql-tag'. The maintainer is listed simply as 'npm', which does not match the known maintainer of the legitimate package. Moreover, the description 'security holding package' raises additional red flags as it suggests suspicious intent. Taken together, these points indicate that 'graprqltag' is likely a typosquat with malicious intent. Risk level: High).",graphql-tag
npm,aysa-web-core,,malware,"Possible typosquat of @scalar/core Explanation: The package name 'aysa-web-core' shares the '-core' suffix with the legitimate '@scalar/core', but employs a different prefix and lacks a namespace. This difference along with a description stating it is a 'security holding package' makes it likely that the creator attempted to mimic or confuse users rather than offering a distinct functionality. The naming change, scope confusion, and suspicious description (security holding package) combined with non-associated maintainers (['npm'] which does not link to @scalar) indicate adversarial intent. Furthermore, despite sharing a common word, the differences do not justify an obvious fork or distinct purpose. Hence, it is considered a suspicious typosquat. Risk level: High).",@scalar/core
npm,crossfetkh,,malware,"Possible `1-step D-L dist` typosquat of cross-fetch Explanation: The package 'crossfetkh' is a security holding package with a name very similar to 'cross-fetch', which suggests it might be a typosquat. The description 'security holding package' is typical for packages that are placeholders to prevent typosquatting. The maintainers list includes 'npm', which is not a specific known maintainer, adding to the suspicion.",cross-fetch
npm,middleware-proxy,,possible_typosquat,"Possible typosquat of proxy-middleware Explanation: The two names are the same words in reverse order, making them highly confusing for users searching for proxy-middleware (is_adversarial_name=true). They both implement nearly identical HTTP proxy middleware for connect/express, so there is no distinct purpose (has_distinct_purpose=false). There is no indication that middleware-proxy is a fork or relocation, and it includes a proper README and a known maintainer (probablyup) (is_fork=false, no_readme=false, is_relocated_package=false, is_known_maintainer=true). It is not a test package (is_test=false). However, because of the low edit distance in meaning, identical functionality, and name confusion, this appears to be an impersonation attempt or typosquat, raising suspicion (obvious_not_typosquat=false, has_suspicious_intent=true). Risk level: High.",proxy-middleware
npm,runkit-engines,,malware,"Possible typosquat of @tsed/engines Explanation: The package 'runkit-engines' shares the common suffix '-engines' with the legitimate '@tsed/engines', and despite the different prefixes, the similarity in naming can potentially deceive users. The inclusion of 'security holding package' in its description is suspicious and suggests an intent to hold or potentially redirect the trusted package. It is not marked as a fork since there is no username or obvious association with '@tsed'. Additionally, the description is minimal and does not provide enough detail (with a lacking README), which further exacerbates suspicions. Maintainers for 'runkit-engines' are only listed as ['npm'], which is not a confirmed legitimate maintainer for '@tsed/engines'. Overall, these factors lead to the conclusion that 'runkit-engines' is crafted in an adversarial manner, does not serve a distinct purpose from '@tsed/engines', and should be treated as a suspicious typosquat package. Risk level: High).",@tsed/engines
pypi,sqlmap,,anomaly,"Possible `1-step D-L dist` typosquat of sqltap Explanation: The package name 'sqlmap' differs by only one character from 'sqltap', representing a 1-step Levenshtein distance. This minimal change can easily confuse users, thereby meeting the criteria for an adversarial or potentially deceptive name. Even though the descriptions and overall functionality are clearly distinct—'sqlmap' being an automated penetration testing tool for SQL injection and 'sqltap' being a profiler for SQLAlchemy queries—the naming similarity is a significant red flag. The maintainers of sqlmap (['stamparm']) are recognized in the community, indicating that this may not be a case of a mysterious dark actor. However, given that an apparent intentional mimic via a near-identical name can mislead users, the package shows suspicious intent. It is not considered a fork (no username indication) or a test package, and while its functionality is distinct, the adversarial element in the name itself is enough to mark it as suspect. Risk level: High).",sqltap
npm,sjcl-extended,,malware,"Possible `simplification` typosquat of extended Explanation: The package name 'sjcl-extended' adds a prefix ('sjcl-') to the legitimate package name 'extended', which is a common tactic used to mimic and potentially deceive users. Based solely on the name, it qualifies as an adversarial name even though it is not an obvious fork since the prefix does not clearly indicate a username or known entity directly related to the original package. Additionally, the description of 'sjcl-extended' is minimal, labeled as a 'security holding package', which raises suspicion compared to the detailed and functional description of 'extended'. The maintainer 'npm' is not considered a legitimate indicator for a secure context here. Overall, the similar name, suspicious description, and lack of distinct purpose are consistent with a typosquat package. Risk level: High).",extended
npm,pcln-types,,malware,"Possible typosquat of asl-types Explanation: The package name 'pcln-types' closely mimics 'asl-types' in structure, with only the leading segment altered. The similarity in naming, especially the shared suffix '-types', combined with the suspicious 'security holding package' description, suggests an adversarial intent. While the naming pattern indicates it might be an intentional fork of 'asl-types', it does not have a distinct purpose and the maintainers ('npm') do not clearly establish legitimacy. These factors together raise concerns of typosquatting. Risk level: High).",asl-types
npm,apl-client,,malware,"Possible typosquat of apollo-client Explanation: The package name 'apl-client' is highly similar to 'apollo-client' with only minor character omissions (missing 'olo'), which could easily deceive users, hence it is considered an adversarial name. It does not include a username or clear indication that it is a fork (such as a specific maintainer signature), so it is not marked as a fork. Additionally, while both packages target GraphQL client functionality, the suspicious package appears to mimic the legitimate one rather than offering a distinct purpose. The description of 'apl-client' as a 'security holding package' further raises suspicion, especially combined with its name similarity, leading to the conclusion of malicious intent. Although the package includes a reference to a README, the suspicious nature of its intent overrides neutrality in other metrics. The maintainers are listed as ['npm'], and given the context (security holding package), 'npm' should not be regarded as a known legitimate maintainer in this scenario. No evidence indicates that this is a relocated package. Risk level: High).",apollo-client
npm,hardhat-gas-optimizer,,malware,"Possible typosquat of hardhat-gas-reporter - Explanation: The package 'hardhat-gas-optimizer' is labeled as a 'security holding package' and has no maintainers listed, which is often indicative of a placeholder for a potential typosquat. The name is similar enough to 'hardhat-gas-reporter' to cause confusion, and there is no evidence of a distinct purpose or legitimate maintainers.",hardhat-gas-reporter
npm,js.cookie,,possible_typosquat,"Possible typosquat of cookies-js Explanation: Names are very similar (js.cookie vs cookies-js) and offer the same cookie-manipulation API, so this is not an obvious non-typosquat and could confuse users. There is no fork indicator or test purpose in the name. Both packages serve identical functionality, and the maintainer is not a widely recognized author, but there is no direct evidence of malicious code or relocation. Risk level: Medium.",cookies-js
npm,4keylpress,,malware,"Possible `1-step D-L dist` typosquat of keypress Explanation: The package name '4keylpress' differs from 'keypress' by only a single character prefix ('4'), making it easily confusable with the legitimate package. This qualifies it as an adversarial name. There is no indication that '4keylpress' is a fork, since it does not use a recognizable username as prefix or suffix. The intended functionality appears to mimic that of 'keypress' (with no distinct purpose), and the description 'security holding package' raises suspicion of malicious intent. Although the description provides a README, the use of the term 'security holding package' combined with the minimal modification of the package name supports a labeling of typosquat rather than a clearly distinct or benign package. Additionally, the maintainer information (['npm']) is not considered legitimate in the context of a security holding package. Risk level: High).",keypress
npm,testepocdep,,malware,"Possible typosquat of testrpc Explanation: The names 'testepocdep' and 'testrpc' share a common prefix 'test', and the additional characters in 'testepocdep' appear to mimic or confuse users by making it look like an extension or variant of 'testrpc'. Several factors push toward suspicion: the name pattern seems adversarial even though it is not a straightforward fork (no obvious user name usage), and the package description contains the phrase 'security holding package' with an incomplete README, which raises suspicions about its intent. The lack of known maintainers further adds to concerns. Although the two packages might seem related due to the shared prefix, their naming differences are not significant enough to dispel confusion, leading to a determination that the package name is adversarial and the package itself shows suspicious intent, with no clear indication of being a legitimate fork nor a package serving a distinct purpose. Risk level: High).",testrpc
npm,sch-frontend-integration,,malware,"Possible typosquat of @backstage/integration Explanation: • The suspicious package 'sch-frontend-integration' shares a common suffix with '@backstage/integration' but its prefix ('sch-frontend') does not clearly mimic the '@backstage' scope. However, given that both include the term 'integration' and are in the same ecosystem, there is potential for user confusion, so we set obvious_not_typosquat to false. • Based solely on the names, the differences (i.e. 'sch-frontend' versus '@backstage') are significant enough that they are not an adversarial name by typical adversarial transformations, so is_adversarial_name is marked false. • 'sch-frontend-integration' does not include any explicit username or organization in a way that marks it as a fork, so is_fork is false. • Although both packages reference integration functionality, the suspicious package’s metadata (description indicating a security holding package with malicious code) suggests that it is impersonating the legitimate package rather than serving its intended purpose; therefore, it does not have a distinct purpose (has_distinct_purpose = false). • There is no evidence that it is a testing package, so is_test is false. • The only maintainer listed is 'npm', and given the context of a security holding package this does not qualify as a known legitimate maintainer, so is_known_maintainer is false. • Since sch-frontend-integration does include a README, no_readme is false. • Its description clearly indicates malicious intent and that it held removed code, setting has_suspicious_intent to true. • There is no indication that this is a relocated package, so is_relocated_package is false. Risk level: High).",@backstage/integration
npm,fuffer-xor,,malware,"Possible `1-step D-L dist` typosquat of buffer-xor Explanation: The package name 'fuffer-xor' only differs slightly from 'buffer-xor' (a substitution of one letter), making it likely that it is meant to confuse users. Based solely on the name, the similarity is high enough to be considered adversarial. Although the package appears to mimic 'buffer-xor', there is no indication (such as a username in the package name) that it is a legitimate fork. Moreover, the description is a security holding package, which is often used to claim a package name to prevent malicious use, adding to the suspicion. The combination of a deceptive name and suspicious metadata results in it being flagged as having suspicious intent. Risk level: High).",buffer-xor
npm,serverless-yandex-cloud-template,,malware,"Possible typosquat of @serverless/template Explanation: The suspicious package name 'serverless-yandex-cloud-template' shares significant similarities with the legitimate '@serverless/template' (both include 'serverless' and 'template'), and the addition of 'yandex-cloud' is a minimal prefix/suffix change that could be intended to mislead users by implying an association with the official package. This type of 1-step augmentation qualifies as an adversarial name. The package name does not include a clear username or organization identifier that would mark it as an obvious fork, and its purpose appears confusing – while the legitimate package is well defined and used programmatically, the suspicious package carries a vague role described as a 'security holding package'. Its description is minimal and possibly intended to obfuscate true intent, which makes it suspicious. Additionally, the maintainers list only showing ['npm'] does not align with a known or established maintainer for this ecosystem in this context. The absence of a proper and detailed README (indicated by just a placeholder) further adds to the concern. Given the naming similarity and minimal changes intended to mimic the legitimate package, we mark it as not obviously distinct in purpose (has_distinct_purpose: false), making it likely a typosquat impersonation attempt. Risk level: High).",@serverless/template
npm,buffer-xop,,malware,"Possible `1-step D-L dist` typosquat of buffer-xor Explanation: The package name 'buffer-xop' differs from 'buffer-xor' by only one character, a typical 1-step Levenshtein modification, making it highly similar and potentially confusing for users, which qualifies it as an adversarial name. In this case, the package appears to be a fork, as it mimics the legitimate package closely in name. Its description, however, marks it as a security holding package – a reserved name by npm – which further suggests suspicious intent, as it practically takes on a deceptive role relative to the legitimate package. The fact that the package is held by a single maintainer who is not recognized as part of the original community further reinforces suspicion. Lastly, there’s no indication that it serves a distinct purpose or is used for testing; instead, its similarity and intent indicate typosquat behavior. Risk level: High).",buffer-xor
pypi,loggi,,anomaly,"Possible `1-step D-L dist` typosquat of logging Explanation: The package name 'loggi' is almost identical to 'logging' with just one character difference, which could easily confuse users. The similarity in name qualifies it as having an adversarial name. The description of 'loggi' mimics the functionality of the standard Python logging module by wrapping and re-exporting features from Python’s logging module, meaning it does not offer a distinct purpose. There is no indication that it is a fork (for example, no username prefixed or suffixed) and its maintainer ('noif') is not known as a maintainer of the legitimate package. The package provides a README, so no_readme is false. Overall, with the name's deceptive similarity and similar functionality, there is suspicious intent in mimicking the well-established 'logging' package. Risk level: High).",logging
npm,eslint-config-frantic1048,,malware,"Possible typosquat of eslint-config-prettier Explanation: The package 'eslint-config-frantic1048' shares the common prefix 'eslint-config-' with 'eslint-config-prettier', which might confuse users initially. However, the suffix 'frantic1048' is semantically distinct from 'prettier' and does not match via one-step modifications or other adversarial techniques; therefore, based solely on name similarity, it is not an adversarial name. There is no indication in the name layout that it is a direct fork (e.g., no clear username prefix/suffix), and there is no evidence of an independent distinct purpose beyond mimicking the naming pattern of the legitimate package. The description and README indicate that this is a security holding package, which is inherently suspicious, and its maintainers list only includes 'npm' – which in this context should not be considered a legitimately recognized maintainer. As a result, while the naming by itself is not adversarial, its suspicious intent (being a security holding package) means it is not obviously not a typosquat. Risk level: High).",eslint-config-prettier
pypi,tlsclient3,,malware,"Possible `1-step D-L dist` typosquat of tls-client Explanation: The package name 'tlsclient3' is nearly identical to 'tls-client', differing only by removal of a hyphen and the addition of a numerical suffix, which is a classic pattern of adversarial modification. The name can easily confuse users into thinking it is an official package. The description is nearly identical to that of 'tls-client', suggesting no distinct functionality is offered and raising concerns regarding intent. Additionally, the naming pattern and metadata indicate it is effectively a fork rather than an independent package with a distinct purpose. The maintainers are not widely recognized in the community, further supporting the suspicion. Risk level: High).",tls-client
pypi,xia-engine-mysql,,anomaly,"Possible typosquat of soda-core-mysql Explanation: Both package names share an identical '-mysql' suffix and have similar compound structure ('xia-engine' vs 'soda-core'), which can confuse users, triggering adversarial naming concerns. The similarity is high enough that it appears to be attempting to mimic the legitimate package, so obvious_not_typosquat is false. There is no explicit username placement or direct fork indication in the package name despite the maintainer 'x-i-a', so it is not considered a fork. Since the naming is clearly intended to impersonate, the package does not serve a distinct purpose from soda-core-mysql. Additionally, the minimal description heightens suspicion that this is a typosquat with malicious intent. The package does have a README content, so no_readme is false, and there is no known relocation. Overall, the metrics indicate a highly suspicious and adversarial naming strategy. Risk level: High).",soda-core-mysql
npm,bsc-library,,malware,"Possible typosquat of pe-library Explanation: The package name 'bsc-library' closely mimics 'pe-library' in structure, differing only by the leading segment. The transformation from 'pe' to 'bsc' falls under common adversarial modifications since it is a one-step substitution that could mislead users, resulting in is_adversarial_name = True. Its designation as a security holding package with an almost empty README further heightens suspicion, and the similarities in naming choices imply a mimicking intent (has_distinct_purpose = false). Although maintainers are listed as ['npm'], using the 'npm' account for a security holding package does not clear suspicion (is_known_maintainer = false). There is no indication that this is a fork (no fork-related naming) or that it is used for testing (is_test = false). The lack of detailed README (no_readme = true) combined with the suspicious metadata leads to has_suspicious_intent = true. Overall, the metrics indicate that 'bsc-library' appears to be a deceptive mimicry of 'pe-library', and hence it is not classified as obvious_not_typosquat. Risk level: High).",pe-library
